frame_id,time,x,y,theta_wrapped,theta_unwrapped
0,0,686.162,284.175,0.352438,0.352438
1,0.0166667,683.77,278.187,0.381795,0.381795
2,0.0333333,681.789,272.206,0.410376,0.410376
3,0.05,678.735,266.784,0.438581,0.438581
4,0.0666667,676.217,260.679,0.468578,0.468578
5,0.0833333,673.331,255.302,0.496332,0.496332
6,0.1,670.169,249.344,0.526991,0.526991
7,0.116667,666.746,243.71,0.556957,0.556957
8,0.133333,663.222,238.152,0.586869,0.586869
9,0.15,659.146,232.812,0.617385,0.617385
10,0.166667,655.78,227.651,0.645367,0.645367
11,0.183333,651.758,222.217,0.676077,0.676077
12,0.2,647.235,217.205,0.706728,0.706728
13,0.216667,642.714,212.191,0.737436,0.737436
14,0.233333,638.233,207.203,0.767924,0.767924
15,0.25,633.812,202.185,0.798244,0.798244
16,0.266667,628.767,197.897,0.828271,0.828271
17,0.283333,623.843,193.383,0.858624,0.858624
18,0.3,618.205,188.831,0.891547,0.891547
19,0.316667,613.144,184.806,0.920939,0.920939
20,0.333333,607.154,180.764,0.953774,0.953774
21,0.35,601.817,176.732,0.98416,0.98416
22,0.366667,596.228,172.755,1.01527,1.01527
23,0.383333,590.223,169.218,1.0469,1.0469
24,0.4,584.184,165.775,1.07845,1.07845
25,0.416667,577.823,162.744,1.11042,1.11042
26,0.433333,571.703,159.783,1.1413,1.1413
27,0.45,565.114,156.926,1.17391,1.17391
28,0.466667,558.718,154.201,1.20547,1.20547
29,0.483333,552.063,151.839,1.23752,1.23752
30,0.5,545.654,149.757,1.26812,1.26812
31,0.516667,539.34,147.745,1.29819,1.29819
32,0.533333,532.26,145.727,1.33157,1.33157
33,0.55,525.796,144.148,1.36173,1.36173
34,0.566667,518.833,143.337,1.39345,1.39345
35,0.583333,511.714,141.697,1.42653,1.42653
36,0.6,505.207,140.807,1.4563,1.4563
37,0.616667,498.315,140.232,1.48765,1.48765
38,0.633333,491.248,139.781,1.51976,1.51976
39,0.65,484.219,139.86,1.55163,1.55163
40,0.666667,477.336,139.844,1.58289,1.58289
41,0.683333,470.22,139.789,1.61518,1.61518
42,0.7,463.745,140.378,1.64468,1.64468
43,0.716667,456.756,140.825,1.67645,1.67645
44,0.733333,449.748,141.826,1.70858,1.70858
45,0.75,443.257,142.833,1.7384,1.7384
46,0.766667,436.143,143.85,1.77098,1.77098
47,0.783333,429.784,145.251,1.8005,1.8005
48,0.8,423.251,146.911,1.83107,1.83107
49,0.816667,416.586,148.819,1.86251,1.86251
50,0.833333,410.271,150.748,1.89245,1.89245
51,0.85,403.843,152.819,1.92305,1.92305
52,0.866667,397.783,155.224,1.95259,1.95259
53,0.883333,391.706,157.824,1.98255,1.98255
54,0.9,385.837,160.795,2.01236,2.01236
55,0.916667,379.758,163.203,2.04191,2.04191
56,0.933333,373.659,166.875,2.07413,2.07413
57,0.95,368.199,169.964,2.10258,2.10258
58,0.966667,362.82,173.24,2.13115,2.13115
59,0.983333,357.292,176.928,2.16129,2.16129
60,1,351.748,180.186,2.19036,2.19036
61,1.01667,346.677,184.225,2.21971,2.21971
62,1.03333,341.656,187.914,2.24793,2.24793
63,1.05,336.755,191.936,2.27664,2.27664
64,1.06667,332.317,196.261,2.30468,2.30468
65,1.08333,327.784,200.165,2.33178,2.33178
66,1.1,323.09,204.908,2.36202,2.36202
67,1.11667,319.189,208.913,2.38736,2.38736
68,1.13333,315.331,213.307,2.41386,2.41386
69,1.15,311.154,217.77,2.44155,2.44155
70,1.16667,307.134,222.923,2.47116,2.47116
71,1.18333,303.644,227.24,2.4963,2.4963
72,1.2,300.159,231.684,2.52186,2.52186
73,1.21667,296.748,236.782,2.54963,2.54963
74,1.23333,293.562,241.7,2.57617,2.57617
75,1.25,290.72,246.207,2.6003,2.6003
76,1.26667,287.665,251.351,2.62739,2.62739
77,1.28333,285.315,256.222,2.65185,2.65185
78,1.3,282.752,261.241,2.6774,2.6774
79,1.31667,280.085,266.22,2.70297,2.70297
80,1.33333,277.689,271.202,2.72799,2.72799
81,1.35,275.817,276.161,2.75197,2.75197
82,1.36667,273.718,281.231,2.77683,2.77683
83,1.38333,272.187,286.203,2.80037,2.80037
84,1.4,270.251,291.286,2.82501,2.82501
85,1.41667,268.799,296.298,2.84865,2.84865
86,1.43333,267.346,300.871,2.87039,2.87039
87,1.45,266.355,305.774,2.89303,2.89303
88,1.46667,264.631,310.76,2.91683,2.91683
89,1.48333,263.74,315.695,2.93952,2.93952
90,1.5,262.724,320.327,2.96099,2.96099
91,1.51667,262.307,325.214,2.98314,2.98314
92,1.53333,261.255,329.741,3.00413,3.00413
93,1.55,260.739,334.818,3.02724,3.02724
94,1.56667,260.172,339.26,3.04752,3.04752
95,1.58333,260.08,343.824,3.06817,3.06817
96,1.6,259.714,348.813,3.09085,3.09085
97,1.61667,259.727,353.258,3.111,3.111
98,1.63333,259.768,357.742,3.13134,3.13134
99,1.65,259.752,361.725,-3.13376,3.14943
100,1.66667,259.759,366.197,-3.11346,3.16972
101,1.68333,259.861,370.839,-3.09239,3.19079
102,1.7,260.198,374.768,-3.0745,3.20868
103,1.71667,260.217,379.219,-3.05437,3.22882
104,1.73333,260.821,383.099,-3.03659,3.24659
105,1.75,261.337,387.161,-3.01801,3.26517
106,1.76667,261.728,391.165,-2.99977,3.28342
107,1.78333,262.288,395.159,-2.98148,3.3017
108,1.8,263.22,399.151,-2.96292,3.32027
109,1.81667,263.801,402.883,-2.94579,3.3374
110,1.83333,264.719,406.843,-2.92734,3.35584
111,1.85,265.121,410.185,-2.91215,3.37103
112,1.86667,266.235,414.292,-2.89287,3.39031
113,1.88333,267.246,417.734,-2.87661,3.40658
114,1.9,268.155,421.17,-2.86049,3.4227
115,1.91667,269.266,424.78,-2.84336,3.43983
116,1.93333,270.602,428.236,-2.82658,3.45661
117,1.95,271.767,431.777,-2.80965,3.47353
118,1.96667,272.786,434.786,-2.79523,3.48795
119,1.98333,274.265,438.256,-2.77812,3.50506
120,2,275.291,441.194,-2.76399,3.51919
121,2.01667,276.649,444.81,-2.74646,3.53672
122,2.03333,277.7,447.762,-2.73227,3.55091
123,2.05,279.292,450.739,-2.717,3.56619
124,2.06667,280.738,453.712,-2.70199,3.5812
125,2.08333,282.274,456.771,-2.68644,3.59674
126,2.1,283.655,459.32,-2.67328,3.6099
127,2.11667,285.294,462.179,-2.65831,3.62487
128,2.13333,286.686,465.264,-2.64296,3.64022
129,2.15,288.32,467.758,-2.62945,3.65374
130,2.16667,289.835,470.614,-2.61476,3.66843
131,2.18333,291.231,473.351,-2.60082,3.68236
132,2.2,292.649,475.731,-2.58825,3.69494
133,2.21667,294.249,478.82,-2.57251,3.71068
134,2.23333,296.2,481.284,-2.55831,3.72488
135,2.25,297.625,483.703,-2.54558,3.7376
136,2.26667,299.779,486.246,-2.53052,3.75266
137,2.28333,301.29,488.724,-2.51737,3.76581
138,2.3,303.302,490.83,-2.50425,3.77893
139,2.31667,304.828,493.182,-2.49153,3.79165
140,2.33333,306.753,495.641,-2.47734,3.80584
141,2.35,308.771,497.638,-2.46452,3.81866
142,2.36667,310.186,500.269,-2.45119,3.83199
143,2.38333,312.186,502.269,-2.43839,3.84479
144,2.4,314.255,504.791,-2.42357,3.85962
145,2.41667,316.244,506.813,-2.41069,3.87249
146,2.43333,318.225,509.303,-2.39627,3.88692
147,2.45,320.206,511.318,-2.38343,3.89975
148,2.46667,322.164,513.298,-2.37078,3.91241
149,2.48333,324.164,515.298,-2.35792,3.92526
150,2.5,326.203,517.272,-2.34502,3.93816
151,2.51667,328.224,519.302,-2.33201,3.95118
152,2.53333,330.761,521.819,-2.31578,3.96741
153,2.55,332.733,523.858,-2.30292,3.98027
154,2.56667,335.229,525.327,-2.29,3.99318
155,2.58333,337.234,527.35,-2.27709,4.0061
156,2.6,339.696,529.276,-2.26288,4.0203
157,2.61667,342.178,531.278,-2.24838,4.03481
158,2.63333,344.205,533.318,-2.2354,4.04779
159,2.65,346.718,534.786,-2.22228,4.06091
160,2.66667,349.185,536.779,-2.20786,4.07532
161,2.68333,351.743,538.864,-2.19288,4.0903
162,2.7,354.225,540.325,-2.17984,4.10335
163,2.71667,356.785,542.278,-2.16521,4.11797
164,2.73333,359.669,543.702,-2.1507,4.13249
165,2.75,362.21,545.699,-2.13606,4.14713
166,2.76667,364.733,547.223,-2.12266,4.16053
167,2.78333,367.696,549.355,-2.10612,4.17707
168,2.8,370.729,550.816,-2.09086,4.19232
169,2.81667,373.739,552.17,-2.0759,4.20728
170,2.83333,376.204,553.749,-2.06262,4.22057
171,2.85,379.362,555.304,-2.0466,4.23659
172,2.86667,382.289,556.717,-2.03181,4.25138
173,2.88333,385.785,558.282,-2.01437,4.26881
174,2.9,388.834,559.713,-1.99903,4.28415
175,2.91667,391.795,561.266,-1.98384,4.29935
176,2.93333,395.279,562.764,-1.96658,4.31661
177,2.95,398.816,564.27,-1.94909,4.3341
178,2.96667,402.286,565.23,-1.93278,4.35041
179,2.98333,405.188,566.812,-1.91789,4.36529
180,3,409.377,567.657,-1.89862,4.38457
181,3.01667,412.845,569.241,-1.88136,4.40183
182,3.03333,416.383,570.096,-1.86482,4.41836
183,3.05,419.638,571.216,-1.84916,4.43403
184,3.06667,423.797,572.109,-1.82982,4.45337
185,3.08333,427.683,573.233,-1.8114,4.47179
186,3.1,431.797,574.109,-1.79224,4.49095
187,3.11667,435.21,575.233,-1.77597,4.50722
188,3.13333,439.701,575.671,-1.75552,4.52767
189,3.15,443.689,576.793,-1.73675,4.54644
190,3.16667,447.675,577.258,-1.7185,4.56468
191,3.18333,452.23,577.719,-1.69766,4.58552
192,3.2,456.468,578.163,-1.67824,4.60494
193,3.21667,460.881,578.641,-1.65802,4.62517
194,3.23333,465.294,579.275,-1.63776,4.64542
195,3.25,469.78,579.258,-1.61738,4.66581
196,3.26667,474.37,579.267,-1.59647,4.68672
197,3.28333,478.774,579.182,-1.57639,4.70679
198,3.3,483.279,579.32,-1.55585,4.72734
199,3.31667,488.37,579.267,-1.53264,4.75054
200,3.33333,492.795,579.234,-1.5125,4.77069
201,3.35,497.884,578.764,-1.48923,4.79396
202,3.36667,502.315,578.182,-1.46888,4.81431
203,3.38333,507.309,577.682,-1.44599,4.83719
204,3.4,512.28,577.285,-1.42331,4.85987
205,3.41667,517.208,576.096,-1.40028,4.8829
206,3.43333,522.281,575.214,-1.37681,4.90638
207,3.45,527.208,574.096,-1.35377,4.92942
208,3.46667,532.186,573.256,-1.3308,4.95239
209,3.48333,537.214,571.919,-1.3071,4.97608
210,3.5,542.22,570.236,-1.28306,5.00013
211,3.51667,547.835,568.897,-1.25681,5.02638
212,3.53333,552.698,566.751,-1.23268,5.05051
213,3.55,557.846,565.303,-1.20837,5.07482
214,3.56667,562.736,563.199,-1.18413,5.09906
215,3.58333,568.236,560.749,-1.15668,5.12651
216,3.6,573.124,558.774,-1.13267,5.15051
217,3.61667,578.217,556.217,-1.10671,5.17648
218,3.63333,583.263,553.249,-1.08004,5.20314
219,3.65,588.739,550.742,-1.05267,5.23052
220,3.66667,593.649,547.655,-1.02625,5.25693
221,3.68333,598.665,544.745,-0.999839,5.28335
222,3.7,603.197,541.275,-0.973885,5.3093
223,3.71667,608.328,537.679,-0.945293,5.33789
224,3.73333,613.095,534.141,-0.918208,5.36498
225,3.75,617.778,530.178,-0.890223,5.39296
226,3.76667,622.75,526.79,-0.862908,5.42028
227,3.78333,627.136,522.225,-0.834136,5.44905
228,3.8,631.62,518.154,-0.806486,5.4767
229,3.81667,636.24,513.643,-0.77702,5.50617
230,3.83333,640.677,509.216,-0.748431,5.53475
231,3.85,644.695,504.703,-0.720873,5.56231
232,3.86667,649.305,499.707,-0.689907,5.59328
233,3.88333,653.232,494.816,-0.661332,5.62185
234,3.9,656.744,489.937,-0.633942,5.64924
235,3.91667,660.727,484.186,-0.602046,5.68114
236,3.93333,664.362,478.738,-0.572179,5.71101
237,3.95,667.742,473.202,-0.542598,5.74059
238,3.96667,671.295,467.794,-0.513144,5.77004
239,3.98333,674.247,461.799,-0.482719,5.80047
240,4,677.176,455.841,-0.45244,5.83074
241,4.01667,680.218,449.907,-0.422061,5.86112
242,4.03333,682.783,443.809,-0.391915,5.89127
243,4.05,685.14,437.249,-0.360145,5.92304
244,4.06667,687.652,431.206,-0.330346,5.95284
245,4.08333,689.809,424.751,-0.299346,5.98384
246,4.1,691.914,418.173,-0.26791,6.01528
247,4.11667,693.323,411.832,-0.238356,6.04483
248,4.13333,694.657,404.733,-0.205452,6.07773
249,4.15,696.173,398.161,-0.174732,6.10845
250,4.16667,697.205,391.28,-0.143028,6.14016
251,4.18333,698.293,384.257,-0.110667,6.17252
252,4.2,698.677,377.8,-0.081219,6.20197
253,4.21667,699.207,370.849,-0.04945,6.23374
254,4.23333,699.247,363.796,-0.0173131,6.26587
255,4.25,699.162,356.844,0.014401,6.29759
256,4.26667,699.297,349.871,0.0461579,6.32934
257,4.28333,698.836,342.723,0.0787879,6.36197
258,4.3,698.15,335.743,0.110739,6.39392
259,4.31667,697.177,329.272,0.140556,6.42374
260,4.33333,696.181,322.195,0.173126,6.45631
261,4.35,695.288,315.239,0.204993,6.48818
262,4.36667,693.829,308.798,0.235028,6.51821
263,4.38333,691.822,301.764,0.2683,6.55149
264,4.4,689.762,295.233,0.299476,6.58266
265,4.41667,687.784,288.172,0.332826,6.61601
266,4.43333,685.256,281.738,0.364274,6.64746
267,4.45,682.762,275.772,0.393714,6.6769
268,4.46667,680.223,269.262,0.425501,6.70869
269,4.48333,677.152,262.784,0.458113,6.7413
270,4.5,674.289,256.715,0.488609,6.77179
271,4.51667,670.687,250.742,0.520308,6.80349
272,4.53333,667.304,244.827,0.551302,6.83449
273,4.55,663.768,238.821,0.582965,6.86615
274,4.56667,659.796,233.365,0.613626,6.89681
275,4.58333,655.659,227.839,0.645016,6.9282
276,4.6,651.716,222.248,0.676086,6.95927
277,4.61667,647.295,217.285,0.706276,6.98946
278,4.63333,642.812,212.203,0.737097,7.02028
279,4.65,638.234,207.279,0.76767,7.05086
280,4.66667,633.678,202.16,0.798756,7.08194
281,4.68333,628.745,197.741,0.828821,7.11201
282,4.7,623.718,193.31,0.859269,7.14245
283,4.71667,618.757,189.376,0.888038,7.17122
284,4.73333,613.619,185.323,0.917799,7.20098
285,4.75,608.251,181.299,0.9483,7.23149
286,4.76667,603.201,177.22,0.977707,7.26089
287,4.78333,597.76,173.731,1.00703,7.29022
288,4.8,592.292,170.849,1.03505,7.31824
289,4.81667,586.882,167.131,1.06476,7.34794
290,4.83333,581.09,164.231,1.09414,7.37732
291,4.85,575.247,161.807,1.12281,7.40599
292,4.86667,569.775,158.873,1.15097,7.43416
293,4.88333,564.258,156.29,1.17861,7.46179
294,4.9,558.258,154.29,1.20728,7.49046
295,4.91667,552.729,152.315,1.23395,7.51714
296,4.93333,546.73,150.27,1.26275,7.54594
297,4.95,541.369,148.208,1.28876,7.57194
298,4.96667,535.204,146.871,1.31735,7.60053
299,4.98333,529.775,145.386,1.3429,7.62608
300,5,523.676,143.702,1.37155,7.65473
301,5.01667,518.267,142.762,1.39643,7.67962
302,5.03333,512.161,141.715,1.42452,7.7077
303,5.05,506.803,141.254,1.44887,7.73206
304,5.06667,500.783,140.641,1.47634,7.75952
305,5.08333,495.275,140.385,1.50135,7.78454
306,5.1,489.711,139.663,1.52675,7.80994
307,5.11667,484.239,139.717,1.55156,7.83474
308,5.13333,478.793,139.736,1.57628,7.85946
309,5.15,473.281,139.727,1.60129,7.88447
310,5.16667,467.591,139.724,1.62707,7.91026
311,5.18333,462.623,140.179,1.64968,7.93287
312,5.2,457.237,140.869,1.6743,7.95749
313,5.21667,452.266,141.338,1.69696,7.98014
314,5.23333,447.228,141.714,1.71981,8.003
315,5.25,442.228,142.755,1.74294,8.02613
316,5.26667,437.238,143.696,1.76598,8.04916
317,5.28333,432.282,144.716,1.78892,8.07211
318,5.3,427.214,145.704,1.81231,8.09549
319,5.31667,422.777,146.797,1.83301,8.1162
320,5.33333,417.767,148.185,1.85656,8.13975
321,5.35,413.223,149.728,1.8783,8.16148
322,5.36667,408.839,151.075,1.89908,8.18226
323,5.38333,404.637,152.766,1.91959,8.20277
324,5.4,400.226,154.311,1.94078,8.22396
325,5.41667,396.235,155.771,1.96002,8.24321
326,5.43333,391.69,157.794,1.98256,8.26575
327,5.45,387.719,159.799,2.00271,8.2859
328,5.46667,383.789,161.243,2.02161,8.3048
329,5.48333,379.768,163.241,2.04195,8.32513
330,5.5,376.347,165.212,2.05982,8.343
331,5.51667,372.243,167.235,2.08053,8.36372
332,5.53333,368.87,169.185,2.09817,8.38135
333,5.55,365.209,171.226,2.11714,8.40033
334,5.56667,361.68,173.652,2.13651,8.4197
335,5.58333,358.374,175.812,2.1544,8.43759
336,5.6,355.181,178.033,2.17203,8.45521
337,5.61667,351.828,180.205,2.19011,8.4733
338,5.63333,348.791,182.733,2.20798,8.49117
339,5.65,345.751,184.651,2.22421,8.5074
340,5.66667,342.833,187.231,2.24183,8.52501
341,5.68333,339.824,189.731,2.25956,8.54275
342,5.7,336.756,191.698,2.27594,8.55912
343,5.71667,334.165,194.197,2.29221,8.57539
344,5.73333,331.189,196.762,2.30999,8.59318
345,5.75,328.822,199.246,2.32551,8.60869
346,5.76667,326.299,201.883,2.34203,8.62522
347,5.78333,323.749,204.194,2.35762,8.6408
348,5.8,321.149,206.789,2.37426,8.65745
349,5.81667,318.807,209.293,2.3898,8.67299
350,5.83333,316.734,211.824,2.40461,8.6878
351,5.85,314.369,214.222,2.41986,8.70305
352,5.86667,312.308,216.727,2.43456,8.71775
353,5.88333,310.321,219.209,2.44897,8.73216
354,5.9,308.398,221.866,2.46383,8.74702
355,5.91667,306.413,224.18,2.47766,8.76084
356,5.93333,304.285,226.717,2.49266,8.77585
357,5.95,302.342,229.305,2.50733,8.79052
358,5.96667,300.356,231.78,2.5217,8.80489
359,5.98333,298.606,234.266,2.53548,8.81866
360,6,296.553,236.729,2.54993,8.83311
361,6.01667,295.257,239.299,2.56287,8.84605
362,6.03333,293.704,241.811,2.57625,8.85944
363,6.05,291.836,244.82,2.59231,8.87549
364,6.06667,290.289,247.235,2.6053,8.88848
365,6.08333,288.63,249.67,2.61861,8.9018
366,6.1,287.348,252.22,2.63152,8.9147
367,6.11667,285.895,254.775,2.64483,8.92802
368,6.13333,284.601,257.709,2.65933,8.94251
369,6.15,283.192,260.216,2.67235,8.95554
370,6.16667,281.843,262.704,2.68517,8.96835
371,6.18333,280.63,265.76,2.70003,8.98322
372,6.2,279.214,268.226,2.71287,8.99606
373,6.21667,278.32,270.695,2.72474,9.00792
374,6.23333,276.783,273.742,2.74018,9.02336
375,6.25,275.787,276.28,2.75253,9.03571
376,6.26667,274.792,278.687,2.76433,9.04751
377,6.28333,273.703,281.694,2.77881,9.062
378,6.3,272.805,284.246,2.79107,9.07426
379,6.31667,271.762,287.108,2.80488,9.08806
380,6.33333,270.741,290.401,2.82051,9.10369
381,6.35,269.802,292.758,2.83198,9.11517
382,6.36667,268.82,295.814,2.84652,9.12971
383,6.38333,268.241,298.782,2.86017,9.14336
384,6.4,267.24,301.311,2.87244,9.15563
385,6.41667,266.816,304.271,2.8859,9.16908
386,6.43333,265.676,307.32,2.90058,9.18376
387,6.45,265.231,310.167,2.9136,9.19678
388,6.46667,264.243,313.204,2.92801,9.21119
389,6.48333,263.869,316.164,2.94149,9.22467
390,6.5,263.267,319.212,2.95557,9.23876
391,6.51667,262.735,322.228,2.96946,9.25265
392,6.53333,262.273,325.697,2.98533,9.26851
393,6.55,261.683,328.83,2.99978,9.28296
394,6.56667,261.326,331.794,3.01332,9.2965
395,6.58333,260.631,335.189,3.02897,9.31215
396,6.6,260.667,338.221,3.04262,9.3258
397,6.61667,260.188,341.754,3.05877,9.34196
398,6.63333,259.783,344.793,3.07265,9.35583
399,6.65,259.81,348.331,3.08865,9.37183
400,6.66667,259.643,351.674,3.10383,9.38701
401,6.68333,259.71,355.231,3.11995,9.40313
402,6.7,259.816,358.833,3.13629,9.41948
403,6.71667,259.762,362.176,-3.13171,9.43466
404,6.73333,259.772,365.67,-3.11585,9.45052
405,6.75,259.702,369.253,-3.09961,9.46676
406,6.76667,259.749,372.841,-3.08336,9.48301
407,6.78333,260.338,376.152,-3.06819,9.49818
408,6.8,260.338,380.152,-3.05011,9.51626
409,6.81667,260.674,383.733,-3.03381,9.53257
410,6.83333,261.329,387.681,-3.01567,9.5507
411,6.85,261.669,391.382,-2.99883,9.56754
412,6.86667,262.155,395.36,-2.98068,9.58569
413,6.88333,263.375,399.312,-2.96207,9.6043
414,6.9,263.732,403.275,-2.9441,9.62227
415,6.91667,264.704,407.334,-2.92518,9.64119
416,6.93333,265.825,411.298,-2.90651,9.65986
417,6.95,266.798,415.328,-2.88768,9.67869
418,6.96667,267.769,419.316,-2.86906,9.69731
419,6.98333,268.776,423.339,-2.85026,9.71611
420,7,270.232,427.219,-2.83149,9.73488
421,7.01667,271.762,431.293,-2.81174,9.75463
422,7.03333,273.306,435.736,-2.79037,9.776
423,7.05,274.887,439.753,-2.77076,9.79561
424,7.06667,276.26,443.672,-2.75192,9.81446
425,7.08333,278.427,448.285,-2.72878,9.83759
426,7.1,280.419,452.237,-2.70868,9.85769
427,7.11667,282.398,456.758,-2.68625,9.88012
428,7.13333,284.351,460.764,-2.666,9.90037
429,7.15,286.441,464.733,-2.64562,9.92075
430,7.16667,288.793,469.007,-2.62345,9.94292
431,7.18333,291.208,473.178,-2.60155,9.96482
432,7.2,293.715,477.679,-2.57818,9.98819
433,7.21667,296.649,481.751,-2.55542,10.011
434,7.23333,299.721,486.12,-2.53115,10.0352
435,7.25,302.323,490.368,-2.50858,10.0578
436,7.26667,305.766,494.08,-2.4857,10.0807
437,7.28333,308.686,498.142,-2.46298,10.1034
438,7.3,312.161,502.28,-2.43843,10.1279
439,7.31667,315.675,506.172,-2.41459,10.1518
440,7.33333,319.272,510.128,-2.39028,10.1761
441,7.35,323.229,514.145,-2.36464,10.2017
442,7.36667,327.269,518.117,-2.33887,10.2275
443,7.38333,331.199,521.712,-2.31464,10.2517
444,7.4,335.208,525.69,-2.28899,10.2774
445,7.41667,339.721,529.215,-2.26297,10.3034
446,7.43333,344.405,532.759,-2.23625,10.3301
447,7.45,348.715,536.216,-2.2111,10.3553
448,7.46667,353.331,539.745,-2.18468,10.3817
449,7.48333,358.244,543.265,-2.15721,10.4092
450,7.5,363.317,546.099,-2.13083,10.4355
451,7.51667,368.211,549.18,-2.10451,10.4619
452,7.53333,373.771,552.163,-2.07579,10.4906
453,7.55,378.757,555.217,-2.04923,10.5171
454,7.56667,384.224,557.676,-2.02198,10.5444
455,7.58333,389.742,560.179,-1.99439,10.572
456,7.6,395.757,562.768,-1.96456,10.6018
457,7.61667,401.232,565.2,-1.93731,10.6291
458,7.63333,407.207,567.33,-1.90845,10.6579
459,7.65,413.223,569.277,-1.87967,10.6867
460,7.66667,419.219,571.233,-1.85097,10.7154
461,7.68333,425.769,572.837,-1.82029,10.7461
462,7.7,431.762,574.266,-1.79224,10.7741
463,7.71667,438.194,575.727,-1.76222,10.8042
464,7.73333,444.774,576.758,-1.7319,10.8345
465,7.75,451.28,577.682,-1.70197,10.8644
466,7.76667,457.78,578.127,-1.67231,10.8941
467,7.78333,464.127,578.739,-1.64323,10.9231
468,7.8,470.626,579.219,-1.61353,10.9528
469,7.81667,477.332,579.334,-1.58296,10.9834
470,7.83333,484.15,579.142,-1.55186,11.0145
471,7.85,490.87,579.212,-1.52125,11.0451
472,7.86667,497.784,578.686,-1.48965,11.0767
473,7.88333,504.331,578.126,-1.45971,11.1067
474,7.9,511.314,577.251,-1.42764,11.1387
475,7.91667,517.73,576.285,-1.39809,11.1683
476,7.93333,524.166,574.788,-1.368,11.1984
477,7.95,531.289,573.269,-1.33479,11.2316
478,7.96667,537.627,571.677,-1.305,11.2614
479,7.98333,544.297,569.631,-1.27319,11.2932
480,8,551.214,567.644,-1.2404,11.326
481,8.01667,557.818,565.248,-1.2084,11.358
482,8.03333,563.708,562.786,-1.17931,11.3871
483,8.05,570.164,559.823,-1.14693,11.4194
484,8.06667,576.708,556.741,-1.11393,11.4524
485,8.08333,582.785,553.892,-1.08335,11.483
486,8.1,588.723,550.207,-1.05152,11.5149
487,8.11667,594.698,546.751,-1.02002,11.5464
488,8.13333,600.695,543.249,-0.988373,11.578
489,8.15,606.239,539.168,-0.957001,11.6094
490,8.16667,612.225,535.256,-0.924443,11.6419
491,8.18333,617.771,530.757,-0.891905,11.6745
492,8.2,622.697,526.304,-0.861649,11.7047
493,8.21667,628.168,521.694,-0.82902,11.7374
494,8.23333,633.18,516.758,-0.796942,11.7694
495,8.25,638.102,511.715,-0.764787,11.8016
496,8.26667,642.778,506.794,-0.73381,11.8326
497,8.28333,647.269,501.735,-0.702951,11.8634
498,8.3,651.841,496.343,-0.670719,11.8957
499,8.31667,655.804,490.787,-0.63961,11.9268
500,8.33333,659.765,485.207,-0.608375,11.958
501,8.35,663.749,479.702,-0.577389,11.989
502,8.36667,667.277,473.709,-0.545674,12.0207
503,8.38333,670.597,467.727,-0.514444,12.0519
504,8.4,674.23,461.811,-0.482804,12.0836
505,8.41667,677.17,455.75,-0.452077,12.1143
506,8.43333,680.324,449.929,-0.421953,12.1444
507,8.45,682.726,443.882,-0.392322,12.174
508,8.46667,685.277,437.261,-0.359976,12.2064
509,8.48333,687.64,431.254,-0.330568,12.2358
510,8.5,689.65,424.804,-0.299791,12.2666
511,8.51667,691.221,418.731,-0.271205,12.2952
512,8.53333,693.324,412.208,-0.240016,12.3264
513,8.55,694.706,405.632,-0.209418,12.357
514,8.56667,695.699,399.253,-0.180012,12.3864
515,8.58333,696.738,392.822,-0.150295,12.4161
516,8.6,697.735,386.831,-0.122607,12.4438
517,8.61667,698.641,380.263,-0.0924108,12.474
518,8.63333,699.271,373.794,-0.0628237,12.5035
519,8.65,699.271,367.794,-0.0355282,12.5308
520,8.66667,699.138,361.378,-0.00628912,12.5601
521,8.68333,699.188,355.293,0.0214714,12.5878
522,8.7,699.227,348.825,0.0509291,12.6173
523,8.71667,698.87,342.655,0.0790848,12.6455
524,8.73333,698.145,336.771,0.106082,12.6725
525,8.75,697.823,330.867,0.132955,12.6993
526,8.76667,696.631,324.691,0.161572,12.7279
527,8.78333,695.796,318.806,0.188622,12.755
528,8.8,694.817,312.84,0.216108,12.7825
529,8.81667,693.211,307.303,0.242301,12.8087
530,8.83333,691.809,301.722,0.2685,12.8349
531,8.85,690.189,296.249,0.294485,12.8609
532,8.86667,688.182,290.715,0.32128,12.8877
533,8.88333,686.807,285.24,0.346878,12.9132
534,8.9,684.709,280.218,0.371626,12.938
535,8.91667,682.643,274.786,0.398062,12.9644
536,8.93333,680.254,269.84,0.423044,12.9894
537,8.95,678.244,264.828,0.44758,13.014
538,8.96667,675.69,259.735,0.473492,13.0399
539,8.98333,673.234,255.311,0.496506,13.0629
540,9,670.659,250.765,0.520279,13.0866
541,9.01667,668.27,246.27,0.543415,13.1098
542,9.03333,665.221,241.681,0.56846,13.1348
543,9.05,662.149,237.321,0.592726,13.1591
544,9.06667,659.74,233.275,0.614104,13.1805
545,9.08333,656.769,229.29,0.636709,13.2031
546,9.1,653.697,225.295,0.659631,13.226
547,9.11667,650.7,221.323,0.682256,13.2486
548,9.13333,647.759,217.69,0.703505,13.2699
549,9.15,644.214,213.79,0.727465,13.2938
550,9.16667,641.258,210.198,0.748585,13.315
551,9.18333,638.136,206.805,0.76953,13.3359
552,9.2,634.689,203.693,0.790598,13.357
553,9.21667,631.761,200.114,0.811463,13.3778
554,9.23333,628.213,197.189,0.832299,13.3987
555,9.25,624.812,194.188,0.852901,13.4193
556,9.26667,621.637,191.785,0.870964,13.4373
557,9.28333,618.307,188.716,0.891516,13.4579
558,9.3,614.615,186.275,0.911563,13.4779
559,9.31667,611.325,183.238,0.931825,13.4982
560,9.33333,608.204,180.731,0.949976,13.5163
561,9.35,604.719,178.869,0.967793,13.5342
562,9.36667,601.185,176.308,0.987621,13.554
563,9.38333,597.771,174.335,1.00552,13.5719
564,9.4,594.141,171.807,1.02561,13.592
565,9.41667,591.239,169.766,1.04167,13.608
566,9.43333,587.753,167.823,1.05978,13.6262
567,9.45,584.244,166.204,1.07729,13.6437
568,9.46667,580.845,164.251,1.09508,13.6615
569,9.48333,577.772,162.778,1.11056,13.6769
570,9.5,574.25,160.805,1.12885,13.6952
571,9.51667,570.828,159.272,1.14587,13.7122
572,9.53333,567.753,157.684,1.16155,13.7279
573,9.55,564.165,156.695,1.17829,13.7447
574,9.56667,561.257,155.251,1.193,13.7594
575,9.58333,557.795,153.748,1.21011,13.7765
576,9.6,554.339,152.844,1.22625,13.7926
577,9.61667,551.147,151.81,1.2415,13.8079
578,9.63333,548.353,150.383,1.25558,13.822
579,9.65,544.811,149.273,1.27242,13.8388
580,9.66667,541.763,148.286,1.28695,13.8533
581,9.68333,538.149,147.701,1.30345,13.8698
582,9.7,535.15,146.8,1.31767,13.884
583,9.71667,532.354,145.718,1.33117,13.8975
584,9.73333,529.249,145.288,1.34532,13.9117
585,9.75,525.788,144.209,1.36171,13.9281
586,9.76667,522.828,143.851,1.37519,13.9416
587,9.78333,519.713,143.347,1.38951,13.9559
588,9.8,516.693,142.853,1.4034,13.9698
589,9.81667,513.812,142.301,1.41671,13.9831
590,9.83333,510.827,141.851,1.43041,13.9968
591,9.85,507.69,141.246,1.44489,14.0113
592,9.86667,504.693,140.853,1.45859,14.025
593,9.88333,501.828,140.858,1.47152,14.0379
594,9.9,498.732,140.268,1.48575,14.0521
595,9.91667,495.683,140.253,1.49955,14.0659
596,9.93333,492.834,139.842,1.51257,14.0789
597,9.95,489.762,139.724,1.52651,14.0929
598,9.96667,486.841,139.819,1.53974,14.1061
599,9.98333,483.768,139.698,1.55369,14.1201
600,10,480.841,139.819,1.56698,14.1333
601,10.0167,477.768,139.698,1.58093,14.1473
602,10.0333,474.841,139.819,1.59422,14.1606
603,10.05,472.29,139.766,1.60579,14.1722
604,10.0667,469.282,139.67,1.6194,14.1858
605,10.0833,466.327,139.83,1.63282,14.1992
606,10.1,463.153,140.183,1.64729,14.2137
607,10.1167,460.207,140.277,1.66063,14.227
608,10.1333,457.13,140.882,1.67479,14.2412
609,10.15,454.263,140.882,1.68772,14.2541
610,10.1667,451.275,141.387,1.70144,14.2678
611,10.1833,448.716,141.751,1.71317,14.2795
612,10.2,445.748,142.214,1.72679,14.2932
613,10.2167,442.816,142.822,1.74037,14.3067
614,10.2333,439.727,143.239,1.7545,14.3209
615,10.25,436.816,143.771,1.76792,14.3343
616,10.2667,433.773,144.214,1.78183,14.3482
617,10.2833,430.816,144.822,1.79551,14.3619
618,10.3,427.763,145.805,1.81001,14.3764
619,10.3167,424.702,146.21,1.82391,14.3903
620,10.3333,421.703,147.314,1.83832,14.4047
621,10.35,418.71,148.234,1.85252,14.4189
622,10.3667,415.286,149.247,1.86872,14.4351
623,10.3833,412.358,149.819,1.88216,14.4485
624,10.4,409.138,150.697,1.89724,14.4636
625,10.4167,406.38,152.287,1.91141,14.4778
626,10.4333,403.232,153.272,1.92636,14.4927
627,10.45,399.812,154.197,1.94234,14.5087
628,10.4667,396.724,155.921,1.95823,14.5246
629,10.4833,393.89,156.881,1.97177,14.5381
630,10.5,390.311,158.244,1.9891,14.5555
631,10.5167,387.408,159.714,2.00383,14.5702
632,10.5333,384.317,161.246,2.01947,14.5858
633,10.55,380.914,162.764,2.03634,14.6027
634,10.5667,377.717,164.166,2.05212,14.6185
635,10.5833,374.255,166.234,2.07036,14.6367
636,10.6,371.206,167.703,2.08566,14.652
637,10.6167,368.192,169.817,2.10227,14.6686
638,10.6333,364.823,171.783,2.11995,14.6863
639,10.65,361.899,173.737,2.13588,14.7023
640,10.6667,358.227,175.743,2.15479,14.7212
641,10.6833,355.24,178.157,2.17212,14.7385
642,10.7,351.863,180.229,2.19005,14.7564
643,10.7167,348.762,182.744,2.20812,14.7745
644,10.7333,345.381,185.175,2.22699,14.7934
645,10.75,342.211,187.754,2.24551,14.8119
646,10.7667,338.774,190.175,2.26451,14.8309
647,10.7833,335.765,193.237,2.28388,14.8503
648,10.8,332.286,195.751,2.30324,14.8696
649,10.8167,329.264,198.703,2.32236,14.8887
650,10.8333,326.309,201.784,2.34169,14.9081
651,10.85,322.735,204.838,2.36293,14.9293
652,10.8667,319.719,208.214,2.38341,14.9498
653,10.8833,316.803,211.794,2.4043,14.9707
654,10.9,313.813,214.788,2.42345,14.9898
655,10.9167,310.742,218.376,2.44485,15.0112
656,10.9333,307.669,222.251,2.46726,15.0336
657,10.95,304.871,225.816,2.4878,15.0542
658,10.9667,301.684,229.697,2.51053,15.0769
659,10.9833,299.195,233.7,2.53184,15.0982
660,11,296.193,237.731,2.5546,15.121
661,11.0167,293.793,241.825,2.57609,15.1425
662,11.0333,290.716,246.46,2.60129,15.1677
663,11.05,288.305,250.797,2.62377,15.1901
664,11.0667,285.839,255.299,2.64704,15.2134
665,11.0833,283.396,259.648,2.66964,15.236
666,11.1,281.2,264.33,2.69307,15.2594
667,11.1167,278.72,269.282,2.71815,15.2845
668,11.1333,276.729,274.252,2.7424,15.3088
669,11.15,274.698,279.182,2.76657,15.3329
670,11.1667,272.614,284.342,2.79178,15.3582
671,11.1833,270.739,289.766,2.81778,15.3841
672,11.2,269.436,294.797,2.8413,15.4077
673,11.2167,267.754,300.216,2.86703,15.4334
674,11.2333,266.265,305.687,2.89275,15.4591
675,11.25,264.654,311.282,2.91911,15.4855
676,11.2667,263.743,316.775,2.94431,15.5107
677,11.2833,262.684,322.762,2.97188,15.5383
678,11.3,261.875,328.81,2.99956,15.5659
679,11.3167,260.817,334.23,3.02456,15.5909
680,11.3333,260.284,340.234,3.05187,15.6182
681,11.35,259.801,346.145,3.07876,15.6451
682,11.3667,259.778,352.138,3.10591,15.6723
683,11.3833,259.874,358.72,3.13578,15.7021
684,11.4,259.895,364.709,-3.1202,15.7294
685,11.4167,259.827,370.721,-3.09294,15.7566
686,11.4333,260.259,377.243,-3.06328,15.7863
687,11.45,260.878,383.106,-3.03653,15.813
688,11.4667,261.704,389.763,-3.00608,15.8435
689,11.4833,262.853,396.258,-2.97615,15.8734
690,11.5,263.778,402.193,-2.94888,15.9007
691,11.5167,265.284,408.856,-2.91786,15.9317
692,11.5333,266.746,414.8,-2.89007,15.9595
693,11.55,268.266,421.12,-2.86057,15.989
694,11.5667,270.278,427.141,-2.83176,16.0178
695,11.5833,272.196,433.825,-2.80024,16.0493
696,11.6,274.903,439.725,-2.77085,16.0787
697,11.6167,277.176,446.237,-2.73957,16.11
698,11.6333,279.737,452.265,-2.70986,16.1397
699,11.65,282.711,458.353,-2.67913,16.1704
700,11.6667,286.336,464.422,-2.64709,16.2025
701,11.6833,289.196,470.418,-2.61698,16.2326
702,11.7,292.888,475.808,-2.58737,16.2622
703,11.7167,296.16,481.768,-2.55658,16.293
704,11.7333,300.211,487.379,-2.52519,16.3244
705,11.75,304.247,492.702,-2.49487,16.3547
706,11.7667,308.607,498.18,-2.46307,16.3865
707,11.7833,313.315,503.178,-2.43191,16.4176
708,11.8,317.876,508.801,-2.39902,16.4505
709,11.8167,322.079,513.639,-2.36994,16.4796
710,11.8333,327.16,518.091,-2.33931,16.5102
711,11.85,332.156,523.217,-2.30681,16.5427
712,11.8667,337.717,527.678,-2.27445,16.5751
713,11.8833,343.219,532.187,-2.2421,16.6075
714,11.9,348.74,536.165,-2.21115,16.6384
715,11.9167,354.264,540.264,-2.17985,16.6697
716,11.9333,360.317,544.193,-2.14701,16.7025
717,11.95,365.804,547.613,-2.11757,16.732
718,11.9667,371.692,551.27,-2.08604,16.7635
719,11.9833,378.24,554.736,-2.05232,16.7972
720,12,384.224,557.807,-2.02172,16.8278
721,12.0167,390.728,560.726,-1.98927,16.8603
722,12.0333,397.265,563.265,-1.95735,16.8922
723,12.05,403.726,565.667,-1.92594,16.9236
724,12.0667,410.338,568.249,-1.89361,16.9559
725,12.0833,416.657,570.313,-1.86334,16.9862
726,12.1,423.232,572.225,-1.83217,17.0174
727,12.1167,430.28,573.868,-1.79922,17.0503
728,12.1333,436.757,575.189,-1.76911,17.0804
729,12.15,443.866,576.769,-1.73597,17.1136
730,12.1667,450.32,577.84,-1.70621,17.1433
731,12.1833,457.195,578.211,-1.67493,17.1746
732,12.2,463.786,578.612,-1.64483,17.2047
733,12.2167,470.61,579.267,-1.61359,17.236
734,12.2333,477.247,579.261,-1.58335,17.2662
735,12.25,484.098,579.282,-1.55211,17.2974
736,12.2667,490.607,579.227,-1.52245,17.3271
737,12.2833,497.717,578.687,-1.48996,17.3596
738,12.3,504.231,578.115,-1.46016,17.3894
739,12.3167,510.739,577.268,-1.43025,17.4193
740,12.3333,517.223,576.229,-1.40032,17.4492
741,12.35,523.804,575.28,-1.37006,17.4795
742,12.3667,530.252,573.647,-1.33979,17.5098
743,12.3833,536.407,572.31,-1.31111,17.5384
744,12.4,542.807,570.328,-1.28061,17.5689
745,12.4167,548.727,568.217,-1.25198,17.5976
746,12.4333,554.826,566.293,-1.22284,17.6267
747,12.45,560.901,563.735,-1.1928,17.6568
748,12.4667,566.254,561.697,-1.16669,17.6829
749,12.4833,572.244,559.304,-1.13733,17.7122
750,12.5,577.768,556.159,-1.10842,17.7411
751,12.5167,583.273,553.245,-1.08,17.7696
752,12.5333,588.732,550.778,-1.05277,17.7968
753,12.55,593.538,547.309,-1.02587,17.8237
754,12.5667,599.245,544.204,-0.996285,17.8533
755,12.5833,603.817,540.789,-0.970296,17.8793
756,12.6,608.658,537.217,-0.942839,17.9067
757,12.6167,613.781,533.69,-0.914475,17.9351
758,12.6333,618.178,530.172,-0.888788,17.9608
759,12.65,622.787,526.763,-0.862696,17.9869
760,12.6667,626.793,522.764,-0.836943,18.0126
761,12.6833,631.136,518.889,-0.8104,18.0392
762,12.7,635.115,514.898,-0.784701,18.0649
763,12.7167,639.147,510.771,-0.758379,18.0912
764,12.7333,642.84,506.755,-0.73349,18.1161
765,12.75,646.411,502.735,-0.708961,18.1406
766,12.7667,649.816,498.799,-0.685231,18.1643
767,12.7833,653.073,494.293,-0.659893,18.1897
768,12.8,656.36,490.371,-0.636574,18.213
769,12.8167,659.773,485.749,-0.610383,18.2392
770,12.8333,662.147,481.781,-0.589331,18.2602
771,12.85,665.287,477.236,-0.564134,18.2854
772,12.8667,667.797,472.855,-0.54111,18.3084
773,12.8833,670.685,468.741,-0.518268,18.3313
774,12.9,672.762,464.267,-0.49584,18.3537
775,12.9167,675.19,459.868,-0.472919,18.3766
776,12.9333,677.255,455.802,-0.452125,18.3974
777,12.95,679.164,451.266,-0.429688,18.4199
778,12.9667,681.223,446.792,-0.407212,18.4423
779,12.9833,683.125,442.222,-0.384625,18.4649
780,13,684.795,438.279,-0.365095,18.4845
781,13.0167,686.816,433.768,-0.342616,18.5069
782,13.0333,688.217,429.808,-0.323488,18.5261
783,13.05,689.099,425.356,-0.302941,18.5466
784,13.0667,690.75,420.805,-0.280888,18.5687
785,13.0833,691.749,416.843,-0.262261,18.5873
786,13.1,693.084,412.813,-0.242955,18.6066
787,13.1167,693.824,408.184,-0.221644,18.6279
788,13.1333,694.816,404.241,-0.203107,18.6464
789,13.15,695.683,400.233,-0.184416,18.6651
790,13.1667,696.387,396.182,-0.165676,18.6839
791,13.1833,697.303,392.207,-0.147141,18.7024
792,13.2,697.695,388.221,-0.128915,18.7206
793,13.2167,698.226,384.233,-0.110592,18.739
794,13.2333,698.685,380.259,-0.0923777,18.7572
795,13.25,698.685,376.259,-0.0742136,18.7753
796,13.2667,699.245,372.849,-0.0585391,18.791
797,13.2833,699.266,368.838,-0.0402853,18.8093
798,13.3,699.259,365.327,-0.0242889,18.8253
799,13.3167,699.259,361.327,-0.00605031,18.8435
800,13.3333,699.252,357.72,0.0103989,18.86
801,13.35,699.3,354.261,0.0261642,18.8757
802,13.3667,699.27,350.259,0.0443932,18.8939
803,13.3833,699.292,346.833,0.0599704,18.9095
804,13.4,698.842,343.169,0.0767586,18.9263
805,13.4167,698.839,339.713,0.0924372,18.942
806,13.4333,698.297,336.68,0.106423,18.956
807,13.45,697.839,333.251,0.122181,18.9717
808,13.4667,697.194,329.767,0.138309,18.9879
809,13.4833,697.154,326.731,0.152025,19.0016
810,13.5,696.822,323.204,0.168106,19.0177
811,13.5167,695.673,320.239,0.182313,19.0319
812,13.5333,695.127,316.78,0.198267,19.0478
813,13.55,694.81,313.868,0.211545,19.0611
814,13.5667,694.436,310.762,0.225705,19.0753
815,13.5833,693.305,307.681,0.24053,19.0901
816,13.6,692.74,304.776,0.253978,19.1035
817,13.6167,691.712,301.796,0.268293,19.1178
818,13.6333,690.74,298.776,0.282735,19.1323
819,13.65,690.311,295.789,0.296324,19.1459
820,13.6667,689.279,292.804,0.310684,19.1602
821,13.6833,688.298,289.792,0.325099,19.1747
822,13.7,687.204,287.359,0.33719,19.1867
823,13.7167,686.342,284.274,0.35173,19.2013
824,13.7333,685.293,281.739,0.364211,19.2138
825,13.75,684.258,278.759,0.378556,19.2281
826,13.7667,683.137,276.113,0.391625,19.2412
827,13.7833,681.697,273.347,0.405776,19.2553
828,13.8,680.791,270.783,0.418128,19.2677
829,13.8167,679.758,267.689,0.432881,19.2824
830,13.8333,678.119,265.245,0.446114,19.2957
831,13.85,677.165,262.775,0.458124,19.3077
832,13.8667,675.705,259.751,0.473395,19.323
833,13.8833,674.119,257.245,0.486842,19.3364
834,13.9,672.629,254.802,0.499856,19.3494
835,13.9167,671.725,252.206,0.512186,19.3617
836,13.9333,670.193,249.861,0.524902,19.3745
837,13.95,668.812,247.275,0.538228,19.3878
838,13.9667,667.253,244.793,0.551553,19.4011
839,13.9833,665.722,242.264,0.565001,19.4146
840,14,663.623,239.911,0.57918,19.4287
841,14.0167,662.275,237.253,0.592662,19.4422
842,14.0333,660.602,234.774,0.606268,19.4558
843,14.05,658.635,232.189,0.621045,19.4706
844,14.0667,657.273,229.779,0.633557,19.4831
845,14.0833,655.205,227.332,0.648102,19.4977
846,14.1,653.103,224.82,0.662999,19.5126
847,14.1167,651.141,222.288,0.677583,19.5271
848,14.1333,649.184,219.776,0.692074,19.5416
849,14.15,647.255,217.344,0.706188,19.5557
850,14.1667,645.248,214.78,0.720977,19.5705
851,14.1833,643.238,212.827,0.733691,19.5832
852,14.2,641.16,210.185,0.748933,19.5985
853,14.2167,638.73,207.783,0.764455,19.614
854,14.2333,636.692,205.132,0.779542,19.6291
855,14.25,634.082,203.148,0.794307,19.6439
856,14.2667,631.997,200.886,0.80827,19.6578
857,14.2833,629.239,198.24,0.825638,19.6752
858,14.3,626.749,196.27,0.840035,19.6896
859,14.3167,624.17,193.811,0.856224,19.7058
860,14.3333,621.909,191.301,0.871438,19.721
861,14.35,618.746,189.235,0.888483,19.738
862,14.3667,615.974,186.837,0.905122,19.7547
863,14.3833,613.291,184.83,0.92034,19.7699
864,14.4,610.258,182.71,0.93715,19.7867
865,14.4167,607.308,180.294,0.954438,19.804
866,14.4333,604.229,178.159,0.971451,19.821
867,14.45,600.782,176.241,0.989317,19.8389
868,14.4667,597.788,173.75,1.00688,19.8564
869,14.4833,594.176,171.927,1.02518,19.8747
870,14.5,591.295,169.86,1.04123,19.8908
871,14.5167,587.608,167.774,1.06046,19.91
872,14.5333,584.075,165.855,1.07871,19.9283
873,14.55,580.192,164.292,1.09764,19.9472
874,14.5667,576.688,162.273,1.11599,19.9655
875,14.5833,572.728,160.218,1.13624,19.9858
876,14.6,569.215,158.785,1.15346,20.003
877,14.6167,565.199,156.894,1.17361,20.0232
878,14.6333,561.156,155.315,1.19332,20.0429
879,14.65,557.204,153.787,1.21256,20.0621
880,14.6667,552.644,152.284,1.23436,20.0839
881,14.6833,548.774,150.757,1.25324,20.1028
882,14.7,544.294,149.315,1.27461,20.1242
883,14.7167,539.808,147.833,1.29603,20.1456
884,14.7333,535.208,146.866,1.31734,20.1669
885,14.75,530.779,145.756,1.33808,20.1876
886,14.7667,526.305,144.248,1.35938,20.2089
887,14.7833,521.345,143.348,1.38223,20.2318
888,14.8,516.184,142.837,1.40569,20.2552
889,14.8167,511.735,141.765,1.42639,20.2759
890,14.8333,506.66,141.326,1.44948,20.299
891,14.85,501.703,140.822,1.4721,20.3217
892,14.8667,496.406,140.171,1.4963,20.3459
893,14.8833,491.388,139.801,1.51912,20.3687
894,14.9,486.173,139.742,1.54278,20.3923
895,14.9167,480.823,139.769,1.56706,20.4166
896,14.9333,475.31,139.762,1.59209,20.4416
897,14.95,470.376,139.733,1.61446,20.464
898,14.9667,464.833,140.258,1.63971,20.4893
899,14.9833,459.338,140.194,1.66452,20.5141
900,15,453.627,141.297,1.69081,20.5404
901,15.0167,448.376,141.733,1.71468,20.5642
902,15.0333,442.39,142.828,1.74228,20.5918
903,15.05,436.746,143.821,1.76827,20.6178
904,15.0667,431.206,144.754,1.79372,20.6433
905,15.0833,425.638,146.081,1.81965,20.6692
906,15.1,419.757,147.77,1.84738,20.6969
907,15.1167,414.174,149.171,1.87343,20.723
908,15.1333,408.786,151.202,1.89949,20.749
909,15.15,402.769,153.247,1.92829,20.7778
910,15.1667,397.364,155.308,1.9545,20.8041
911,15.1833,391.747,157.747,1.98224,20.8318
912,15.2,386.301,160.377,2.00965,20.8592
913,15.2167,380.323,163.138,2.03949,20.889
914,15.2333,374.778,165.754,2.06724,20.9168
915,15.25,369.323,168.859,2.09566,20.9452
916,15.2667,364.268,172.339,2.12341,20.973
917,15.2833,358.821,175.772,2.15261,21.0022
918,15.3,353.229,179.24,2.18241,21.032
919,15.3167,348.286,182.852,2.21014,21.0597
920,15.3333,343.26,186.84,2.23921,21.0888
921,15.35,338.255,191.212,2.26933,21.1189
922,15.3667,333.323,195.313,2.29842,21.148
923,15.3833,328.178,199.756,2.32921,21.1788
924,15.4,323.702,204.239,2.35791,21.2075
925,15.4167,318.796,209.225,2.38961,21.2392
926,15.4333,314.316,214.357,2.42048,21.27
927,15.45,310.302,219.218,2.44906,21.2986
928,15.4667,305.843,224.329,2.47978,21.3293
929,15.4833,301.788,229.717,2.51033,21.3599
930,15.5,297.772,235.283,2.54141,21.391
931,15.5167,294.292,240.808,2.57099,21.4205
932,15.5333,290.814,246.731,2.60212,21.4517
933,15.55,287.286,252.804,2.63397,21.4835
934,15.5667,283.863,258.805,2.66527,21.5148
935,15.5833,280.793,264.764,2.69564,21.5452
936,15.6,278.241,271.221,2.72706,21.5766
937,15.6167,275.27,277.716,2.75944,21.609
938,15.6333,272.641,284.263,2.7914,21.641
939,15.65,270.737,290.792,2.82219,21.6717
940,15.6667,268.858,297.333,2.85308,21.7026
941,15.6833,266.789,303.829,2.88399,21.7335
942,15.7,264.745,310.761,2.91672,21.7663
943,15.7167,263.709,317.238,2.9464,21.796
944,15.7333,262.228,324.396,2.97953,21.8291
945,15.75,261.368,331.321,3.01116,21.8607
946,15.7667,260.825,338.247,3.04267,21.8922
947,15.7833,259.874,345.323,3.07502,21.9246
948,15.8,259.874,352.213,3.10623,21.9558
949,15.8167,259.845,358.745,3.13589,21.9854
950,15.8333,259.805,365.839,-3.11508,22.0177
951,15.85,259.859,372.793,-3.08354,22.0492
952,15.8667,260.154,379.836,-3.05161,22.0811
953,15.8833,261.279,386.847,-3.01946,22.1133
954,15.9,262.219,393.755,-2.98782,22.1449
955,15.9167,263.258,400.249,-2.95798,22.1748
956,15.9333,264.864,407.26,-2.92535,22.2074
957,15.95,266.275,413.768,-2.89513,22.2376
958,15.9667,268.305,420.202,-2.86452,22.2682
959,15.9833,270.158,426.756,-2.83359,22.2991
960,16,272.209,433.335,-2.80231,22.3304
961,16.0167,274.742,439.772,-2.77091,22.3618
962,16.0333,277.227,446.188,-2.73968,22.3931
963,16.05,279.694,452.216,-2.71014,22.4226
964,16.0667,282.784,458.265,-2.67934,22.4534
965,16.0833,286.426,464.203,-2.64777,22.485
966,16.1,289.186,470.248,-2.61767,22.5151
967,16.1167,292.832,475.816,-2.58748,22.5453
968,16.1333,296.288,481.161,-2.55856,22.5742
969,16.15,299.863,486.769,-2.52836,22.6044
970,16.1667,303.735,491.863,-2.49931,22.6334
971,16.1833,307.889,497.197,-2.4686,22.6641
972,16.2,311.911,502.133,-2.43967,22.6931
973,16.2167,316.174,506.718,-2.41123,22.7215
974,16.2333,320.752,511.805,-2.38012,22.7526
975,16.25,325.213,516.215,-2.3516,22.7811
976,16.2667,329.864,520.756,-2.32205,22.8107
977,16.2833,334.233,524.675,-2.29537,22.8374
978,16.3,339.266,528.8,-2.26577,22.867
979,16.3167,343.737,532.79,-2.23855,22.8942
980,16.3333,348.768,536.21,-2.21093,22.9218
981,16.35,353.496,539.718,-2.18414,22.9486
982,16.3667,358.806,543.297,-2.155,22.9777
983,16.3833,363.799,546.736,-2.12743,23.0053
984,16.4,368.819,549.735,-2.10084,23.0319
985,16.4167,374.256,552.767,-2.07253,23.0602
986,16.4333,379.182,555.402,-2.04712,23.0856
987,16.45,384.239,557.652,-2.02196,23.1108
988,16.4667,389.864,560.112,-1.994,23.1387
989,16.4833,394.828,562.738,-1.96852,23.1642
990,16.5,400.236,564.653,-1.94244,23.1903
991,16.5167,405.257,566.69,-1.91779,23.215
992,16.5333,410.716,568.307,-1.89189,23.2408
993,16.55,415.771,570.194,-1.86736,23.2654
994,16.5667,421.387,571.79,-1.84079,23.292
995,16.5833,426.214,573.335,-1.81777,23.315
996,16.6,431.77,574.147,-1.79232,23.3404
997,16.6167,436.786,575.234,-1.76894,23.3638
998,16.6333,441.77,576.147,-1.74586,23.3869
999,16.65,447.354,577.293,-1.71992,23.4128
1000,16.6667,452.134,577.777,-1.69806,23.4347
1001,16.6833,457.3,578.155,-1.67448,23.4583
1002,16.7,462.21,578.698,-1.65196,23.4808
1003,16.7167,467.351,579.31,-1.62841,23.5043
1004,16.7333,472.245,579.323,-1.60614,23.5266
1005,16.75,476.79,579.276,-1.58544,23.5473
1006,16.7667,481.605,579.332,-1.56348,23.5693
1007,16.7833,486.235,579.345,-1.54238,23.5904
1008,16.8,491.269,579.269,-1.51945,23.6133
1009,16.8167,495.84,578.795,-1.49852,23.6342
1010,16.8333,500.201,578.73,-1.4787,23.654
1011,16.85,504.61,578.172,-1.45847,23.6743
1012,16.8667,509.314,577.231,-1.43666,23.6961
1013,16.8833,513.84,576.795,-1.41595,23.7168
1014,16.9,517.825,576.248,-1.39763,23.7351
1015,16.9167,522.258,575.125,-1.37683,23.7559
1016,16.9333,526.334,574.152,-1.35772,23.775
1017,16.95,530.22,573.74,-1.34002,23.7927
1018,16.9667,534.289,572.756,-1.32096,23.8118
1019,16.9833,538.232,571.125,-1.30167,23.8311
1020,17,542.331,570.099,-1.28239,23.8503
1021,17.0167,546.232,569.125,-1.26408,23.8687
1022,17.0333,549.754,567.684,-1.24677,23.886
1023,17.05,553.884,566.797,-1.22765,23.9051
1024,17.0667,557.283,565.226,-1.21065,23.9221
1025,17.0833,560.726,563.75,-1.19357,23.9392
1026,17.1,564.214,562.755,-1.17713,23.9556
1027,17.1167,567.796,561.31,-1.15954,23.9732
1028,17.1333,570.775,559.707,-1.14417,23.9886
1029,17.15,574.283,558.208,-1.1268,24.0059
1030,17.1667,577.763,556.222,-1.10857,24.0242
1031,17.1833,580.805,554.793,-1.09325,24.0395
1032,17.2,583.819,553.351,-1.07803,24.0547
1033,17.2167,586.924,551.964,-1.0626,24.0701
1034,17.2333,589.76,549.709,-1.04628,24.0865
1035,17.25,592.634,548.125,-1.03132,24.1014
1036,17.2667,595.689,546.155,-1.01474,24.118
1037,17.2833,598.318,544.731,-1.00114,24.1316
1038,17.3,601.127,542.721,-0.985402,24.1473
1039,17.3167,603.727,540.782,-0.970617,24.1621
1040,17.3333,606.718,539.266,-0.955472,24.1773
1041,17.35,609.384,537.305,-0.940398,24.1923
1042,17.3667,611.704,535.227,-0.926259,24.2065
1043,17.3833,614.277,533.203,-0.911327,24.2214
1044,17.4,616.815,531.223,-0.896636,24.2361
1045,17.4167,619.356,529.679,-0.883206,24.2495
1046,17.4333,621.699,527.691,-0.869214,24.2635
1047,17.45,623.699,525.691,-0.856363,24.2764
1048,17.4667,626.25,523.7,-0.841639,24.2911
1049,17.4833,628.205,521.22,-0.827435,24.3053
1050,17.5,630.654,519.26,-0.81316,24.3196
1051,17.5167,632.636,517.19,-0.800097,24.3326
1052,17.5333,634.578,515.149,-0.787241,24.3455
1053,17.55,636.578,513.149,-0.774327,24.3584
1054,17.5667,639.26,511.271,-0.759677,24.3731
1055,17.5833,641.238,508.693,-0.744944,24.3878
1056,17.6,643.238,506.693,-0.732066,24.4007
1057,17.6167,644.834,504.266,-0.718953,24.4138
1058,17.6333,646.793,502.222,-0.706051,24.4267
1059,17.65,648.665,500.223,-0.693578,24.4392
1060,17.6667,650.69,497.686,-0.678777,24.454
1061,17.6833,652.331,495.289,-0.665559,24.4672
1062,17.7,654.331,493.289,-0.652762,24.48
1063,17.7167,656.355,490.807,-0.638183,24.4946
1064,17.7333,657.793,488.255,-0.624926,24.5078
1065,17.75,659.295,485.801,-0.611827,24.5209
1066,17.7667,661.304,483.779,-0.599031,24.5337
1067,17.7833,662.816,481.218,-0.585502,24.5472
1068,17.8,664.221,478.69,-0.572342,24.5604
1069,17.8167,666.334,476.254,-0.557808,24.5749
1070,17.8333,667.685,473.718,-0.544743,24.588
1071,17.85,669.311,470.833,-0.529654,24.6031
1072,17.8667,670.594,468.194,-0.516305,24.6164
1073,17.8833,672.24,465.678,-0.502629,24.6301
1074,17.9,673.737,462.888,-0.488193,24.6445
1075,17.9167,675.181,460.21,-0.474328,24.6584
1076,17.9333,676.731,457.293,-0.459278,24.6735
1077,17.95,677.691,454.785,-0.447082,24.6857
1078,17.9667,679.251,451.788,-0.431687,24.7011
1079,17.9833,680.586,448.707,-0.416382,24.7164
1080,18,681.691,445.769,-0.402083,24.7307
1081,18.0167,683.317,442.719,-0.386395,24.7463
1082,18.0333,684.234,439.822,-0.372582,24.7602
1083,18.05,685.72,436.827,-0.357414,24.7753
1084,18.0667,686.828,433.822,-0.342833,24.7899
1085,18.0833,687.697,430.093,-0.325474,24.8073
1086,18.1,688.824,427.254,-0.311572,24.8212
1087,18.1167,689.571,423.792,-0.295484,24.8373
1088,18.1333,690.733,420.788,-0.280838,24.8519
1089,18.15,691.827,417.265,-0.26403,24.8687
1090,18.1667,692.832,413.86,-0.247862,24.8849
1091,18.1833,693.796,410.171,-0.230497,24.9022
1092,18.2,694.35,406.842,-0.215149,24.9176
1093,18.2167,695.267,402.879,-0.196616,24.9361
1094,18.2333,695.67,399.233,-0.179944,24.9528
1095,18.25,696.672,395.787,-0.163688,24.9691
1096,18.2667,697.331,391.749,-0.14506,24.9877
1097,18.2833,697.645,387.561,-0.125963,25.0068
1098,18.3,698.334,384.191,-0.110347,25.0224
1099,18.3167,698.774,380.311,-0.0925767,25.0402
1100,18.3333,698.774,376.311,-0.0744207,25.0583
1101,18.35,699.28,372.21,-0.0556232,25.0771
1102,18.3667,699.311,367.744,-0.0352979,25.0974
1103,18.3833,699.381,363.715,-0.0169303,25.1158
1104,18.4,699.381,359.715,0.00130121,25.134
1105,18.4167,699.322,355.209,0.0218431,25.1546
1106,18.4333,699.234,350.822,0.0418399,25.1746
1107,18.45,699.256,346.833,0.0599829,25.1927
1108,18.4667,698.814,342.351,0.0804854,25.2132
1109,18.4833,698.361,337.738,0.101599,25.2343
1110,18.5,697.668,333.277,0.122158,25.2549
1111,18.5167,697.256,328.833,0.142487,25.2752
1112,18.5333,696.636,324.253,0.163534,25.2963
1113,18.55,695.655,319.165,0.187137,25.3199
1114,18.5667,694.624,314.892,0.207156,25.3399
1115,18.5833,693.744,310.162,0.229076,25.3618
1116,18.6,692.827,305.127,0.252333,25.3851
1117,18.6167,691.281,300.79,0.273233,25.406
1118,18.6333,690.189,295.798,0.296448,25.4292
1119,18.65,688.672,290.807,0.320177,25.4529
1120,18.6667,686.744,286.319,0.342354,25.4751
1121,18.6833,685.194,281.352,0.366014,25.4988
1122,18.7,683.301,276.215,0.390911,25.5237
1123,18.7167,681.269,271.77,0.413141,25.5459
1124,18.7333,678.597,266.877,0.438463,25.5712
1125,18.75,676.724,261.814,0.462932,25.5957
1126,18.7667,674.401,257.165,0.486563,25.6193
1127,18.7833,671.748,252.26,0.511919,25.6447
1128,18.8,668.81,247.297,0.538146,25.6709
1129,18.8167,665.753,242.93,0.562363,25.6951
1130,18.8333,662.818,237.825,0.589124,25.7219
1131,18.85,659.833,233.273,0.613866,25.7466
1132,18.8667,656.126,228.869,0.639989,25.7727
1133,18.8833,652.726,224.188,0.666321,25.7991
1134,18.9,649.213,219.315,0.693599,25.8263
1135,18.9167,645.197,214.78,0.721134,25.8539
1136,18.9333,641.183,210.76,0.746944,25.8797
1137,18.95,637.224,206.194,0.774409,25.9072
1138,18.9667,633.289,201.66,0.801605,25.9343
1139,18.9833,628.808,197.718,0.828681,25.9614
1140,19,624.285,193.692,0.856187,25.9889
1141,19.0167,619.289,189.66,0.885349,26.0181
1142,19.0333,614.797,185.779,0.912291,26.045
1143,19.05,609.683,182.186,0.940662,26.0734
1144,19.0667,604.315,178.193,0.971045,26.1038
1145,19.0833,599.236,174.79,0.998797,26.1315
1146,19.1,593.712,171.367,1.0283,26.161
1147,19.1167,588.201,168.27,1.05701,26.1898
1148,19.1333,582.767,165.168,1.08542,26.2182
1149,19.15,576.704,162.313,1.11585,26.2486
1150,19.1667,570.625,159.243,1.14677,26.2795
1151,19.1833,564.676,156.761,1.17603,26.3088
1152,19.2,558.801,154.225,1.20508,26.3378
1153,19.2167,552.846,151.788,1.23424,26.367
1154,19.2333,546.171,149.81,1.2658,26.3985
1155,19.25,539.749,147.734,1.29641,26.4292
1156,19.2667,533.266,146.196,1.32663,26.4594
1157,19.2833,526.768,144.817,1.35678,26.4895
1158,19.3,520.202,143.201,1.38745,26.5202
1159,19.3167,513.825,142.207,1.41672,26.5495
1160,19.3333,506.765,141.311,1.44901,26.5818
1161,19.35,499.772,140.256,1.48106,26.6138
1162,19.3667,493.247,139.838,1.5107,26.6434
1163,19.3833,486.147,139.928,1.54287,26.6756
1164,19.4,479.248,139.814,1.57421,26.707
1165,19.4167,472.64,139.83,1.60421,26.737
1166,19.4333,465.718,139.762,1.63555,26.7683
1167,19.45,458.641,140.164,1.66765,26.8004
1168,19.4667,451.766,141.339,1.69921,26.8319
1169,19.4833,444.634,142.188,1.73176,26.8645
1170,19.5,438.207,143.27,1.76129,26.894
1171,19.5167,431.127,144.757,1.79407,26.9268
1172,19.5333,424.69,146.248,1.824,26.9567
1173,19.55,417.886,148.223,1.85609,26.9888
1174,19.5667,411.234,150.206,1.88754,27.0203
1175,19.5833,404.67,152.726,1.91938,27.0521
1176,19.6,398.307,155.162,1.95028,27.083
1177,19.6167,391.692,157.732,1.98244,27.1152
1178,19.6333,385.195,160.768,2.01494,27.1477
1179,19.65,379.374,163.765,2.04462,27.1774
1180,19.6667,372.693,167.254,2.07879,27.2115
1181,19.6833,366.737,170.267,2.10898,27.2417
1182,19.7,361.151,174.21,2.13989,27.2726
1183,19.7167,355.212,177.788,2.17128,27.304
1184,19.7333,349.629,181.901,2.20269,27.3354
1185,19.75,344.376,186.386,2.23396,27.3667
1186,19.7667,338.751,190.302,2.26495,27.3977
1187,19.7833,333.799,194.878,2.29549,27.4282
1188,19.8,328.776,199.176,2.32544,27.4582
1189,19.8167,323.711,204.207,2.35778,27.4905
1190,19.8333,318.82,209.135,2.38924,27.522
1191,19.85,314.325,214.162,2.41979,27.5525
1192,19.8667,310.322,219.135,2.44871,27.5815
1193,19.8833,305.804,224.271,2.47968,27.6124
1194,19.9,301.782,229.764,2.51051,27.6433
1195,19.9167,297.723,235.176,2.54114,27.6739
1196,19.9333,294.27,240.817,2.57107,27.7038
1197,19.95,290.71,246.344,2.60085,27.7336
1198,19.9667,287.744,252.361,2.6312,27.7639
1199,19.9833,284.132,257.812,2.66072,27.7935
1200,20,281.778,263.752,2.68957,27.8223
1201,20.0167,278.847,269.305,2.71801,27.8508
1202,20.0333,276.171,275.327,2.74787,27.8806
1203,20.05,273.797,281.307,2.77703,27.9098
1204,20.0667,271.706,287.273,2.80567,27.9384
1205,20.0833,269.706,293.273,2.83434,27.9671
1206,20.1,267.751,299.435,2.86363,27.9964
1207,20.1167,266.155,305.298,2.89116,28.0239
1208,20.1333,264.783,311.156,2.91842,28.0512
1209,20.15,263.767,317.279,2.94654,28.0793
1210,20.1667,262.793,323.205,2.97379,28.1065
1211,20.1833,261.72,329.365,3.00215,28.1349
1212,20.2,260.819,335.248,3.02914,28.1619
1213,20.2167,260.244,340.855,3.05469,28.1874
1214,20.2333,259.915,346.845,3.08189,28.2146
1215,20.25,259.891,352.845,3.1091,28.2418
1216,20.2667,259.805,358.195,3.13339,28.2661
1217,20.2833,259.779,364.249,-3.1223,28.2936
1218,20.3,259.725,369.626,-3.09792,28.318
1219,20.3167,260.13,375.768,-3.07,28.3459
1220,20.3333,260.623,381.246,-3.04505,28.3709
1221,20.35,261.253,386.722,-3.02004,28.3959
1222,20.3667,261.719,392.209,-2.99509,28.4208
1223,20.3833,262.67,397.243,-2.97187,28.4441
1224,20.4,263.733,402.83,-2.94608,28.4698
1225,20.4167,264.719,407.733,-2.9234,28.4925
1226,20.4333,266.222,412.848,-2.89924,28.5167
1227,20.45,267.146,418.073,-2.87524,28.5407
1228,20.4667,268.717,422.717,-2.85304,28.5629
1229,20.4833,270.29,427.772,-2.82902,28.5869
1230,20.5,272.286,432.815,-2.80442,28.6115
1231,20.5167,273.782,437.225,-2.78327,28.6327
1232,20.5333,275.759,441.709,-2.76103,28.6549
1233,20.55,277.186,446.228,-2.73959,28.6763
1234,20.5667,279.031,450.826,-2.71713,28.6988
1235,20.5833,281.162,455.291,-2.69469,28.7212
1236,20.6,283.17,459.315,-2.67429,28.7416
1237,20.6167,285.697,463.266,-2.65309,28.7628
1238,20.6333,287.697,467.266,-2.63278,28.7831
1239,20.65,290.189,471.241,-2.61148,28.8044
1240,20.6667,292.284,475.222,-2.59108,28.8248
1241,20.6833,294.71,479.266,-2.56968,28.8462
1242,20.7,297.165,482.648,-2.55072,28.8652
1243,20.7167,299.736,486.169,-2.53093,28.885
1244,20.7333,302.252,489.873,-2.51059,28.9053
1245,20.75,304.662,493.246,-2.49176,28.9242
1246,20.7667,307.205,496.292,-2.47375,28.9422
1247,20.7833,309.746,499.675,-2.45454,28.9614
1248,20.8,312.766,502.767,-2.43496,28.981
1249,20.8167,315.263,505.794,-2.41712,28.9988
1250,20.8333,317.785,508.785,-2.39935,29.0166
1251,20.85,320.781,511.641,-2.38057,29.0354
1252,20.8667,323.184,514.143,-2.36479,29.0511
1253,20.8833,325.764,517.311,-2.34633,29.0696
1254,20.9,328.78,519.649,-2.32908,29.0868
1255,20.9167,331.253,522.226,-2.31288,29.103
1256,20.9333,334.24,524.679,-2.29532,29.1206
1257,20.95,336.739,527.286,-2.27899,29.1369
1258,20.9667,339.704,529.291,-2.26281,29.1531
1259,20.9833,342.795,531.758,-2.24482,29.1711
1260,21,345.3,533.775,-2.23019,29.1857
1261,21.0167,348.268,535.736,-2.21404,29.2019
1262,21.0333,350.802,537.803,-2.19918,29.2168
1263,21.05,353.619,539.573,-2.18406,29.2319
1264,21.0667,356.286,541.728,-2.1685,29.2474
1265,21.0833,359.122,543.729,-2.15272,29.2632
1266,21.1,362.199,545.756,-2.13596,29.28
1267,21.1167,364.778,547.275,-2.12236,29.2936
1268,21.1333,367.847,548.783,-2.10686,29.3091
1269,21.15,370.177,550.788,-2.0931,29.3228
1270,21.1667,373.067,552.335,-2.07821,29.3377
1271,21.1833,375.723,553.722,-2.0646,29.3513
1272,21.2,378.708,555.158,-2.04955,29.3664
1273,21.2167,381.837,556.22,-2.03466,29.3813
1274,21.2333,384.143,557.923,-2.02182,29.3941
1275,21.25,387.255,559.346,-2.00626,29.4097
1276,21.2667,389.761,560.212,-1.99425,29.4217
1277,21.2833,392.938,561.829,-1.97805,29.4379
1278,21.3,395.218,562.78,-1.96681,29.4491
1279,21.3167,398.195,563.691,-1.95269,29.4632
1280,21.3333,401.267,565.204,-1.93716,29.4788
1281,21.35,403.925,566.205,-1.92423,29.4917
1282,21.3667,406.823,567.196,-1.9103,29.5056
1283,21.3833,409.202,568.188,-1.89859,29.5173
1284,21.4,412.324,568.714,-1.88435,29.5316
1285,21.4167,415.299,569.738,-1.87002,29.5459
1286,21.4333,417.635,570.813,-1.85842,29.5575
1287,21.45,420.888,571.115,-1.84381,29.5721
1288,21.4667,423.232,572.125,-1.83228,29.5836
1289,21.4833,426.268,572.732,-1.8182,29.5977
1290,21.5,429.264,573.828,-1.80376,29.6122
1291,21.5167,432.292,574.19,-1.78996,29.626
1292,21.5333,434.765,574.723,-1.77843,29.6375
1293,21.55,437.821,575.683,-1.76392,29.652
1294,21.5667,440.786,576.208,-1.75022,29.6657
1295,21.5833,443.766,576.746,-1.73644,29.6795
1296,21.6,446.833,577.276,-1.72228,29.6936
1297,21.6167,449.681,577.229,-1.70947,29.7065
1298,21.6333,452.696,577.674,-1.69558,29.7203
1299,21.65,455.347,578.176,-1.68332,29.7326
1300,21.6667,458.637,578.105,-1.66843,29.7475
1301,21.6833,461.786,578.774,-1.65386,29.7621
1302,21.7,464.796,578.796,-1.64017,29.7758
1303,21.7167,467.645,579.23,-1.62709,29.7888
1304,21.7333,470.64,579.164,-1.61348,29.8024
1305,21.75,473.645,579.23,-1.59977,29.8162
1306,21.7667,477.374,579.184,-1.58278,29.8331
1307,21.7833,480.178,579.136,-1.56998,29.8459
1308,21.8,483.236,579.234,-1.55603,29.8599
1309,21.8167,486.784,579.168,-1.53985,29.8761
1310,21.8333,489.536,579.232,-1.52733,29.8886
1311,21.85,493.412,579.212,-1.50969,29.9062
1312,21.8667,496.646,578.759,-1.49485,29.9211
1313,21.8833,499.774,578.82,-1.48067,29.9353
1314,21.9,503.288,578.072,-1.46441,29.9515
1315,21.9167,506.804,577.778,-1.44833,29.9676
1316,21.9333,510.321,577.141,-1.43206,29.9839
1317,21.95,513.764,576.748,-1.41626,29.9997
1318,21.9667,517.274,576.147,-1.40003,30.0159
1319,21.9833,520.799,575.754,-1.3839,30.032
1320,22,524.217,574.734,-1.36772,30.0482
1321,22.0167,527.899,574.268,-1.35087,30.0651
1322,22.0333,531.279,573.221,-1.33478,30.0811
1323,22.05,535.179,572.189,-1.31639,30.0995
1324,22.0667,538.74,571.21,-1.29954,30.1164
1325,22.0833,542.188,570.223,-1.28318,30.1327
1326,22.1,546.243,569.179,-1.26411,30.1518
1327,22.1167,549.714,567.835,-1.24716,30.1688
1328,22.1333,553.754,566.764,-1.22816,30.1878
1329,22.15,557.24,565.161,-1.21072,30.2052
1330,22.1667,561.281,563.807,-1.19131,30.2246
1331,22.1833,565.146,562.208,-1.17225,30.2437
1332,22.2,568.703,560.16,-1.15364,30.2623
1333,22.2167,572.734,558.739,-1.13421,30.2817
1334,22.2333,576.734,556.739,-1.11382,30.3021
1335,22.25,580.775,554.695,-1.09316,30.3228
1336,22.2667,584.781,552.719,-1.0728,30.3431
1337,22.2833,588.214,550.718,-1.05469,30.3612
1338,22.3,592.27,548.27,-1.03308,30.3828
1339,22.3167,596.117,545.677,-1.01193,30.404
1340,22.3333,600.154,543.325,-0.990624,30.4253
1341,22.35,603.761,540.779,-0.970481,30.4454
1342,22.3667,607.721,538.203,-0.94894,30.467
1343,22.3833,611.662,535.211,-0.926372,30.4896
1344,22.4,615.709,532.221,-0.903418,30.5125
1345,22.4167,619.202,529.297,-0.882644,30.5333
1346,22.4333,623.175,526.224,-0.859757,30.5562
1347,22.45,626.676,522.775,-0.837374,30.5786
1348,22.4667,630.762,519.273,-0.812845,30.6031
1349,22.4833,634.173,515.685,-0.790278,30.6256
1350,22.5,637.808,512.249,-0.767473,30.6485
1351,22.5167,641.832,508.254,-0.741636,30.6743
1352,22.5333,645.287,504.168,-0.71726,30.6987
1353,22.55,648.708,500.151,-0.693201,30.7227
1354,22.5667,651.877,496.244,-0.670264,30.7457
1355,22.5833,655.199,491.741,-0.64475,30.7712
1356,22.6,658.697,487.258,-0.618829,30.7971
1357,22.6167,661.822,482.783,-0.59395,30.822
1358,22.6333,664.683,478.261,-0.56956,30.8464
1359,22.65,667.631,473.203,-0.542862,30.8731
1360,22.6667,670.575,468.211,-0.516416,30.8995
1361,22.6833,673.337,463.21,-0.490347,30.9256
1362,22.7,676.192,458.202,-0.46408,30.9518
1363,22.7167,678.81,452.755,-0.436532,30.9794
1364,22.7333,681.339,447.808,-0.411252,31.0047
1365,22.75,683.307,442.299,-0.384637,31.0313
1366,22.7667,685.898,436.237,-0.354611,31.0613
1367,22.7833,687.845,430.8,-0.328311,31.0876
1368,22.8,689.777,424.778,-0.299505,31.1164
1369,22.8167,691.252,419.253,-0.273459,31.1425
1370,22.8333,692.809,413.233,-0.245116,31.1708
1371,22.85,694.204,407.123,-0.216541,31.1994
1372,22.8667,695.836,400.858,-0.187088,31.2288
1373,22.8833,696.783,394.783,-0.159096,31.2568
1374,22.9,697.782,388.134,-0.128472,31.2875
1375,22.9167,698.271,382.291,-0.101773,31.3142
1376,22.9333,698.794,375.83,-0.072226,31.3437
1377,22.95,699.122,369.326,-0.0425365,31.3734
1378,22.9667,699.144,362.823,-0.0128803,31.403
1379,22.9833,699.149,356.26,0.0170635,31.433
1380,23,699.284,349.792,0.0465176,31.4624
1381,23.0167,698.808,342.773,0.0785684,31.4945
1382,23.0333,698.261,336.333,0.108014,31.5239
1383,23.05,697.284,329.792,0.13814,31.5541
1384,23.0667,696.259,323.206,0.168523,31.5844
1385,23.0833,695.254,316.425,0.199737,31.6157
1386,23.1,693.703,309.65,0.23139,31.6473
1387,23.1167,692.139,303.229,0.261486,31.6774
1388,23.1333,690.195,296.776,0.292179,31.7081
1389,23.15,688.129,290.23,0.323449,31.7394
1390,23.1667,686.203,283.782,0.354051,31.77
1391,23.1833,683.726,277.385,0.385258,31.8012
1392,23.2,680.691,271.268,0.416293,31.8322
1393,23.2167,678.247,264.796,0.447705,31.8636
1394,23.2333,674.698,258.811,0.479302,31.8952
1395,23.25,671.654,252.956,0.509364,31.9253
1396,23.2667,668.189,246.849,0.541347,31.9573
1397,23.2833,664.785,240.787,0.572954,31.9889
1398,23.3,660.785,234.787,0.605747,32.0217
1399,23.3167,656.833,229.245,0.636697,32.0526
1400,23.3333,652.818,223.711,0.667769,32.0837
1401,23.35,648.382,218.293,0.699585,32.1155
1402,23.3667,643.772,212.837,0.732034,32.148
1403,23.3833,638.732,207.74,0.76459,32.1805
1404,23.4,633.79,202.83,0.796266,32.2122
1405,23.4167,628.679,198.231,0.827539,32.2435
1406,23.4333,623.787,193.284,0.859107,32.275
1407,23.45,618.301,188.78,0.891353,32.3073
1408,23.4667,612.637,184.742,0.922953,32.3389
1409,23.4833,607.315,180.233,0.954571,32.3705
1410,23.5,601.921,176.81,0.98357,32.3995
1411,23.5167,595.908,172.832,1.01633,32.4323
1412,23.5333,589.875,169.331,1.04802,32.4639
1413,23.55,583.877,165.708,1.07982,32.4957
1414,23.5667,577.917,162.805,1.10991,32.5258
1415,23.5833,571.776,159.72,1.14111,32.557
1416,23.6,565.333,156.701,1.17339,32.5893
1417,23.6167,559.257,154.152,1.20326,32.6192
1418,23.6333,552.827,152.217,1.23368,32.6496
1419,23.65,546.18,149.739,1.26586,32.6818
1420,23.6667,539.711,147.774,1.29653,32.7125
1421,23.6833,533.428,146.192,1.32592,32.7418
1422,23.7,526.808,144.867,1.35656,32.7725
1423,23.7167,520.21,143.332,1.3873,32.8032
1424,23.7333,513.764,142.239,1.41697,32.8329
1425,23.75,507.296,141.31,1.44662,32.8626
1426,23.7667,500.757,140.928,1.47633,32.8923
1427,23.7833,494.218,139.771,1.50633,32.9223
1428,23.8,487.684,139.757,1.53592,32.9518
1429,23.8167,481.236,139.709,1.56519,32.9811
1430,23.8333,474.752,139.723,1.59462,33.0105
1431,23.85,468.249,139.747,1.6241,33.04
1432,23.8667,461.713,140.161,1.65379,33.0697
1433,23.8833,455.747,140.698,1.68094,33.0969
1434,23.9,449.236,141.709,1.71081,33.1267
1435,23.9167,443.157,142.192,1.73836,33.1543
1436,23.9333,437.271,143.893,1.766,33.1819
1437,23.95,431.211,144.689,1.79363,33.2096
1438,23.9667,425.189,146.204,1.82176,33.2377
1439,23.9833,419.315,147.759,1.84929,33.2652
