time,theta_data,theta_fit,error
0,0.352438,0.350352,0.00208569
0.0166667,0.381795,0.378874,0.00292095
0.0333333,0.410376,0.407583,0.0027932
0.05,0.438581,0.436475,0.00210541
0.0666667,0.468578,0.465546,0.00303232
0.0833333,0.496332,0.49479,0.00154218
0.1,0.526991,0.524201,0.00278951
0.116667,0.556957,0.553776,0.00318025
0.133333,0.586869,0.583509,0.0033605
0.15,0.617385,0.613393,0.0039916
0.166667,0.645367,0.643424,0.00194336
0.183333,0.676077,0.673596,0.00248115
0.2,0.706728,0.703903,0.00282568
0.216667,0.737436,0.734339,0.00309761
0.233333,0.767924,0.764898,0.003026
0.25,0.798244,0.795574,0.00267047
0.266667,0.828271,0.82636,0.00191072
0.283333,0.858624,0.857252,0.00137172
0.3,0.891547,0.888242,0.00330506
0.316667,0.920939,0.919323,0.00161578
0.333333,0.953774,0.95049,0.00328388
0.35,0.98416,0.981736,0.00242453
0.366667,1.01527,1.01305,0.00222073
0.383333,1.0469,1.04444,0.00246677
0.4,1.07845,1.07588,0.00257143
0.416667,1.11042,1.10737,0.00304487
0.433333,1.1413,1.13891,0.002384
0.45,1.17391,1.17049,0.00341889
0.466667,1.20547,1.2021,0.00336677
0.483333,1.23752,1.23373,0.00378712
0.5,1.26812,1.26538,0.0027323
0.516667,1.29819,1.29705,0.00114154
0.533333,1.33157,1.32871,0.00285711
0.55,1.36173,1.36038,0.00135755
0.566667,1.39345,1.39203,0.00141817
0.583333,1.42653,1.42367,0.0028642
0.6,1.4563,1.45528,0.00102169
0.616667,1.48765,1.48686,0.000792612
0.633333,1.51976,1.5184,0.00135796
0.65,1.55163,1.5499,0.00172892
0.666667,1.58289,1.58135,0.00154157
0.683333,1.61518,1.61274,0.00243405
0.7,1.64468,1.64407,0.000607439
0.716667,1.67645,1.67532,0.00112885
0.733333,1.70858,1.7065,0.00207813
0.75,1.7384,1.73759,0.0008087
0.766667,1.77098,1.76859,0.00238357
0.783333,1.8005,1.7995,0.00100653
0.8,1.83107,1.8303,0.000775788
0.816667,1.86251,1.86099,0.00152632
0.833333,1.89245,1.89156,0.000894088
0.85,1.92305,1.92201,0.00103846
0.866667,1.95259,1.95233,0.000255757
0.883333,1.98255,1.98252,2.734e-05
0.9,2.01236,2.01257,-0.000210796
0.916667,2.04191,2.04247,-0.000561901
0.933333,2.07413,2.07222,0.00190061
0.95,2.10258,2.10182,0.00076398
0.966667,2.13115,2.13125,-0.000103321
0.983333,2.16129,2.16051,0.000775702
1,2.19036,2.18961,0.000753518
1.01667,2.21971,2.21852,0.00118885
1.03333,2.24793,2.24725,0.000674876
1.05,2.27664,2.2758,0.00084327
1.06667,2.30468,2.30415,0.000536074
1.08333,2.33178,2.33231,-0.000521951
1.1,2.36202,2.36026,0.00175997
1.11667,2.38736,2.38801,-0.000652335
1.13333,2.41386,2.41556,-0.0016919
1.15,2.44155,2.44289,-0.00133989
1.16667,2.47116,2.47,0.0011555
1.18333,2.4963,2.4969,-0.00059114
1.2,2.52186,2.52357,-0.00170393
1.21667,2.54963,2.55001,-0.000380615
1.23333,2.57617,2.57623,-5.95369e-05
1.25,2.6003,2.60222,-0.00191663
1.26667,2.62739,2.62797,-0.000582216
1.28333,2.65185,2.65348,-0.00163284
1.3,2.6774,2.67876,-0.00136023
1.31667,2.70297,2.70379,-0.000822547
1.33333,2.72799,2.72858,-0.000588648
1.35,2.75197,2.75313,-0.00115414
1.36667,2.77683,2.77743,-0.000596303
1.38333,2.80037,2.80148,-0.00110651
1.4,2.82501,2.82528,-0.000271983
1.41667,2.84865,2.84883,-0.000183386
1.43333,2.87039,2.87214,-0.00174496
1.45,2.89303,2.89519,-0.00215968
1.46667,2.91683,2.91799,-0.00115916
1.48333,2.93952,2.94053,-0.00101387
1.5,2.96099,2.96283,-0.00183582
1.51667,2.98314,2.98487,-0.00173381
1.53333,3.00413,3.00666,-0.00252802
1.55,3.02724,3.0282,-0.000959801
1.56667,3.04752,3.04949,-0.00196802
1.58333,3.06817,3.07053,-0.0023633
1.6,3.09085,3.09133,-0.000475433
1.61667,3.111,3.11187,-0.000875244
1.63333,3.13134,3.13217,-0.000833364
1.65,3.14943,3.15223,-0.00280329
1.66667,3.16972,3.17204,-0.00231903
1.68333,3.19079,3.19162,-0.000826173
1.7,3.20868,3.21095,-0.00227348
1.71667,3.22882,3.23006,-0.00124027
1.73333,3.24659,3.24892,-0.00233227
1.75,3.26517,3.26756,-0.0023903
1.76667,3.28342,3.28598,-0.00256004
1.78333,3.3017,3.30416,-0.00245857
1.8,3.32027,3.32213,-0.00186051
1.81667,3.3374,3.33988,-0.00247898
1.83333,3.35584,3.35742,-0.00157387
1.85,3.37103,3.37474,-0.00370915
1.86667,3.39031,3.39186,-0.00154806
1.88333,3.40658,3.40878,-0.00220265
1.9,3.4227,3.4255,-0.00280325
1.91667,3.43983,3.44203,-0.00219788
1.93333,3.45661,3.45836,-0.00175459
1.95,3.47353,3.47452,-0.00098284
1.96667,3.48795,3.49049,-0.00253602
1.98333,3.50506,3.50629,-0.0012263
2,3.51919,3.52192,-0.00272883
2.01667,3.53672,3.53739,-0.000666325
2.03333,3.55091,3.55269,-0.00178182
2.05,3.56619,3.56785,-0.00165929
2.06667,3.5812,3.58285,-0.00165754
2.08333,3.59674,3.59772,-0.000974478
2.1,3.6099,3.61244,-0.00253913
2.11667,3.62487,3.62704,-0.00216788
2.13333,3.64022,3.64151,-0.00128816
2.15,3.65374,3.65587,-0.00212881
2.16667,3.66843,3.67011,-0.00167714
2.18333,3.68236,3.68424,-0.00187941
2.2,3.69494,3.69828,-0.00333679
2.21667,3.71068,3.71222,-0.00154194
2.23333,3.72488,3.72607,-0.00119699
2.25,3.7376,3.73985,-0.00224458
2.26667,3.75266,3.75355,-0.000885916
2.28333,3.76581,3.76718,-0.0013691
2.3,3.77893,3.78075,-0.00182069
2.31667,3.79165,3.79427,-0.00262078
2.33333,3.80584,3.80774,-0.00190244
2.35,3.81866,3.82118,-0.00251468
2.36667,3.83199,3.83457,-0.00257966
2.38333,3.84479,3.84795,-0.00315353
2.4,3.85962,3.8613,-0.0016845
2.41667,3.87249,3.87464,-0.00214772
2.43333,3.88692,3.88797,-0.00105609
2.45,3.89975,3.90131,-0.00155723
2.46667,3.91241,3.91466,-0.00224925
2.48333,3.92526,3.92802,-0.00275355
2.5,3.93816,3.9414,-0.00323559
2.51667,3.95118,3.95481,-0.00362859
2.53333,3.96741,3.96825,-0.000843807
2.55,3.98027,3.98174,-0.00147749
2.56667,3.99318,3.99528,-0.00210036
2.58333,4.0061,4.00888,-0.0027769
2.6,4.0203,4.02253,-0.00223043
2.61667,4.03481,4.03626,-0.00145326
2.63333,4.04779,4.05007,-0.00227974
2.65,4.06091,4.06395,-0.00304799
2.66667,4.07532,4.07793,-0.00260581
2.68333,4.0903,4.092,-0.00169778
2.7,4.10335,4.10618,-0.00282677
2.71667,4.11797,4.12046,-0.00248883
2.73333,4.13249,4.13486,-0.00237268
2.75,4.14713,4.14938,-0.00225011
2.76667,4.16053,4.16402,-0.00349231
2.78333,4.17707,4.1788,-0.00173359
2.8,4.19232,4.19372,-0.00139387
2.81667,4.20728,4.20878,-0.00149612
2.83333,4.22057,4.22399,-0.00342164
2.85,4.23659,4.23936,-0.00277235
2.86667,4.25138,4.25489,-0.00350639
2.88333,4.26881,4.27058,-0.00176688
2.9,4.28415,4.28645,-0.00229193
2.91667,4.29935,4.30249,-0.00313881
2.93333,4.31661,4.31871,-0.0021057
2.95,4.3341,4.33512,-0.0010258
2.96667,4.35041,4.35172,-0.00131276
2.98333,4.36529,4.36852,-0.00322233
3,4.38457,4.38551,-0.00094558
3.01667,4.40183,4.40271,-0.000881903
3.03333,4.41836,4.42011,-0.00175082
3.05,4.43403,4.43773,-0.00370652
3.06667,4.45337,4.45556,-0.00219686
3.08333,4.47179,4.47361,-0.00182578
3.1,4.49095,4.49189,-0.000941653
3.11667,4.50722,4.51039,-0.00316676
3.13333,4.52767,4.52911,-0.00144539
3.15,4.54644,4.54807,-0.00163285
3.16667,4.56468,4.56726,-0.00257597
3.18333,4.58552,4.58669,-0.00116279
3.2,4.60494,4.60635,-0.00141227
3.21667,4.62517,4.62626,-0.00109436
3.23333,4.64542,4.64641,-0.000986832
3.25,4.66581,4.6668,-0.000994429
3.26667,4.68672,4.68744,-0.000725593
3.28333,4.70679,4.70833,-0.00153571
3.3,4.72734,4.72947,-0.00212649
3.31667,4.75054,4.75085,-0.000309704
3.33333,4.77069,4.77249,-0.00180334
3.35,4.79396,4.79438,-0.000419659
3.36667,4.81431,4.81652,-0.00220614
3.38333,4.83719,4.83891,-0.00171411
3.4,4.85987,4.86155,-0.00167928
3.41667,4.8829,4.88444,-0.00154327
3.43333,4.90638,4.90759,-0.00121317
3.45,4.92942,4.93099,-0.0015723
3.46667,4.95239,4.95464,-0.00225258
3.48333,4.97608,4.97854,-0.00245468
3.5,5.00013,5.00268,-0.00255377
3.51667,5.02638,5.02708,-0.000700853
3.53333,5.05051,5.05172,-0.00120714
3.55,5.07482,5.0766,-0.00178147
3.56667,5.09906,5.10173,-0.00266596
3.58333,5.12651,5.12709,-0.000585601
3.6,5.15051,5.1527,-0.00218331
3.61667,5.17648,5.17854,-0.00206026
3.63333,5.20314,5.20461,-0.0014711
3.65,5.23052,5.23092,-0.000398952
3.66667,5.25693,5.25745,-0.000516773
3.68333,5.28335,5.28421,-0.000862479
3.7,5.3093,5.31119,-0.00188781
3.71667,5.33789,5.33839,-0.000493228
3.73333,5.36498,5.3658,-0.000819897
3.75,5.39296,5.39342,-0.000457809
3.76667,5.42028,5.42125,-0.00097278
3.78333,5.44905,5.44928,-0.000234323
3.8,5.4767,5.47752,-0.0008158
3.81667,5.50617,5.50594,0.000223666
3.83333,5.53475,5.53456,0.000195676
3.85,5.56231,5.56336,-0.00104785
3.86667,5.59328,5.59234,0.000935948
3.88333,5.62185,5.6215,0.000352743
3.9,5.64924,5.65083,-0.0015858
3.91667,5.68114,5.68032,0.000815294
3.93333,5.71101,5.70998,0.00102821
3.95,5.74059,5.73979,0.000799423
3.96667,5.77004,5.76975,0.000294787
3.98333,5.80047,5.79985,0.000617593
4,5.83074,5.83009,0.000655465
4.01667,5.86112,5.86046,0.000662925
4.03333,5.89127,5.89096,0.000310204
4.05,5.92304,5.92158,0.00146164
4.06667,5.95284,5.95231,0.000527844
4.08333,5.98384,5.98315,0.000687316
4.1,6.01528,6.01409,0.00118178
4.11667,6.04483,6.04513,-0.000300665
4.13333,6.07773,6.07626,0.00147818
4.15,6.10845,6.10746,0.000991215
4.16667,6.14016,6.13875,0.00141207
4.18333,6.17252,6.1701,0.00242164
4.2,6.20197,6.20151,0.00045617
4.21667,6.23374,6.23298,0.000756138
4.23333,6.26587,6.2645,0.00137534
4.25,6.29759,6.29606,0.00153006
4.26667,6.32934,6.32765,0.00169255
4.28333,6.36197,6.35927,0.00270012
4.3,6.39392,6.39092,0.00300712
4.31667,6.42374,6.42257,0.00116633
4.33333,6.45631,6.45424,0.00207176
4.35,6.48818,6.48591,0.00227332
4.36667,6.51821,6.51756,0.000648671
4.38333,6.55149,6.54921,0.00227529
4.4,6.58266,6.58084,0.00182614
4.41667,6.61601,6.61243,0.00357801
4.43333,6.64746,6.644,0.00346235
4.45,6.6769,6.67552,0.00137933
4.46667,6.70869,6.70699,0.00169133
4.48333,6.7413,6.73842,0.00288355
4.5,6.77179,6.76977,0.00202006
4.51667,6.80349,6.80107,0.00242785
4.53333,6.83449,6.83228,0.00220566
4.55,6.86615,6.86342,0.0027334
4.56667,6.89681,6.89446,0.00234718
4.58333,6.9282,6.92542,0.00278461
4.6,6.95927,6.95627,0.00300192
4.61667,6.98946,6.98701,0.00244692
4.63333,7.02028,7.01765,0.00263551
4.65,7.05086,7.04816,0.00269629
4.66667,7.08194,7.07855,0.00339454
4.68333,7.11201,7.1088,0.00320429
4.7,7.14245,7.13892,0.00353287
4.71667,7.17122,7.1689,0.00232677
4.73333,7.20098,7.19872,0.00226056
4.75,7.23149,7.2284,0.00308865
4.76667,7.26089,7.25791,0.00298292
4.78333,7.29022,7.28726,0.0029614
4.8,7.31824,7.31644,0.00179994
4.81667,7.34794,7.34544,0.00250295
4.83333,7.37732,7.37426,0.00306081
4.85,7.40599,7.4029,0.00309101
4.86667,7.43416,7.43135,0.00281169
4.88333,7.46179,7.4596,0.0021886
4.9,7.49046,7.48766,0.00280085
4.91667,7.51714,7.51551,0.00162389
4.93333,7.54594,7.54316,0.00277746
4.95,7.57194,7.5706,0.00134688
4.96667,7.60053,7.59782,0.00271497
4.98333,7.62608,7.62482,0.00126065
5,7.65473,7.65161,0.00312718
5.01667,7.67962,7.67817,0.00145208
5.03333,7.7077,7.7045,0.00320191
5.05,7.73206,7.7306,0.00145826
5.06667,7.75952,7.75647,0.00305383
5.08333,7.78454,7.7821,0.00243889
5.1,7.80994,7.80749,0.0024438
5.11667,7.83474,7.83265,0.002093
5.13333,7.85946,7.85756,0.00190061
5.15,7.88447,7.88223,0.00224587
5.16667,7.91026,7.90665,0.00360667
5.18333,7.93287,7.93083,0.00204042
5.2,7.95749,7.95475,0.00273494
5.21667,7.98014,7.97843,0.00171402
5.23333,8.003,8.00186,0.00114314
5.25,8.02613,8.02503,0.00109476
5.26667,8.04916,8.04796,0.00120344
5.28333,8.07211,8.07063,0.0014783
5.3,8.09549,8.09305,0.00244531
5.31667,8.1162,8.11522,0.000981732
5.33333,8.13975,8.13713,0.00261241
5.35,8.16148,8.1588,0.00268156
5.36667,8.18226,8.18021,0.0020472
5.38333,8.20277,8.20138,0.0013948
5.4,8.22396,8.2223,0.00166522
5.41667,8.24321,8.24296,0.000243612
5.43333,8.26575,8.26339,0.00236377
5.45,8.2859,8.28356,0.00233344
5.46667,8.3048,8.3035,0.00129849
5.48333,8.32513,8.32319,0.00194217
5.5,8.343,8.34265,0.000357301
5.51667,8.36372,8.36187,0.00185044
5.53333,8.38135,8.38085,0.000505379
5.55,8.40033,8.3996,0.000725907
5.56667,8.4197,8.41813,0.0015703
5.58333,8.43759,8.43643,0.00116444
5.6,8.45521,8.4545,0.000709648
5.61667,8.4733,8.47236,0.00094143
5.63333,8.49117,8.49,0.00116749
5.65,8.5074,8.50743,-3.32494e-05
5.66667,8.52501,8.52465,0.000359245
5.68333,8.54275,8.54167,0.00107736
5.7,8.55912,8.55849,0.000634234
5.71667,8.57539,8.57511,0.000282027
5.73333,8.59318,8.59154,0.00163874
5.75,8.60869,8.60779,0.000905581
5.76667,8.62522,8.62385,0.0013692
5.78333,8.6408,8.63973,0.00106969
5.8,8.65745,8.65545,0.00200119
5.81667,8.67299,8.671,0.00199135
5.83333,8.6878,8.68638,0.00141495
5.85,8.70305,8.70161,0.00143438
5.86667,8.71775,8.71669,0.00105662
5.88333,8.73216,8.73162,0.000536399
5.9,8.74702,8.74642,0.000598523
5.91667,8.76084,8.76108,-0.000234358
5.93333,8.77585,8.77561,0.0002372
5.95,8.79052,8.79002,0.000497268
5.96667,8.80489,8.80432,0.00056858
5.98333,8.81866,8.81851,0.000157398
6,8.83311,8.83259,0.000525348
6.01667,8.84605,8.84658,-0.000522616
6.03333,8.85944,8.86047,-0.00103695
6.05,8.87549,8.87429,0.00120435
6.06667,8.88848,8.88802,0.000457643
6.08333,8.9018,8.90169,0.000108998
6.1,8.9147,8.91529,-0.000586645
6.11667,8.92802,8.92884,-0.000819193
6.13333,8.94251,8.94233,0.000181352
6.15,8.95554,8.95578,-0.000243511
6.16667,8.96835,8.9692,-0.000841297
6.18333,8.98322,8.98258,0.000637279
6.2,8.99606,8.99594,0.000115519
6.21667,9.00792,9.00929,-0.00136373
6.23333,9.02336,9.02262,0.000739495
6.25,9.03571,9.03596,-0.00024816
6.26667,9.04751,9.0493,-0.00178612
6.28333,9.062,9.06265,-0.000650744
6.3,9.07426,9.07602,-0.00175989
6.31667,9.08806,9.08942,-0.00135107
6.33333,9.10369,9.10284,0.000849456
6.35,9.11517,9.11631,-0.00114304
6.36667,9.12971,9.12982,-0.000113936
6.38333,9.14336,9.14339,-3.08652e-05
6.4,9.15563,9.15702,-0.00138839
6.41667,9.16908,9.17071,-0.00162259
6.43333,9.18376,9.18447,-0.000711286
6.45,9.19678,9.19832,-0.00153521
6.46667,9.21119,9.21225,-0.00105701
6.48333,9.22467,9.22627,-0.00159989
6.5,9.23876,9.2404,-0.00163817
6.51667,9.25265,9.25462,-0.0019769
6.53333,9.26851,9.26896,-0.000451524
6.55,9.28296,9.28342,-0.00046091
6.56667,9.2965,9.298,-0.00150164
6.58333,9.31215,9.31271,-0.000562034
6.6,9.3258,9.32756,-0.00175832
6.61667,9.34196,9.34255,-0.000592796
6.63333,9.35583,9.35769,-0.00185477
6.65,9.37183,9.37298,-0.00114312
6.66667,9.38701,9.38842,-0.00141301
6.68333,9.40313,9.40403,-0.00090143
6.7,9.41948,9.41981,-0.000338613
6.71667,9.43466,9.43577,-0.00111121
6.73333,9.45052,9.4519,-0.00138396
6.75,9.46676,9.46822,-0.00146057
6.76667,9.48301,9.48472,-0.00170884
6.78333,9.49818,9.50142,-0.00324218
6.8,9.51626,9.51831,-0.00205121
6.81667,9.53257,9.53541,-0.00284488
6.83333,9.5507,9.55271,-0.00201619
6.85,9.56754,9.57022,-0.00268758
6.86667,9.58569,9.58795,-0.00225809
6.88333,9.6043,9.60589,-0.00159014
6.9,9.62227,9.62405,-0.00178388
6.91667,9.64119,9.64244,-0.00124734
6.93333,9.65986,9.66105,-0.00118479
6.95,9.67869,9.67989,-0.00120576
6.96667,9.69731,9.69897,-0.00165445
6.98333,9.71611,9.71828,-0.00216056
7,9.73488,9.73782,-0.00293917
7.01667,9.75463,9.75761,-0.00297613
7.03333,9.776,9.77764,-0.00163621
7.05,9.79561,9.79791,-0.00229489
7.06667,9.81446,9.81843,-0.00397133
7.08333,9.83759,9.83919,-0.00160184
7.1,9.85769,9.8602,-0.00250933
7.11667,9.88012,9.88146,-0.00134313
7.13333,9.90037,9.90298,-0.00260075
7.15,9.92075,9.92474,-0.00398341
7.16667,9.94292,9.94675,-0.00383058
7.18333,9.96482,9.96902,-0.00419925
7.2,9.98819,9.99154,-0.0033446
7.21667,10.011,10.0143,-0.00335254
7.23333,10.0352,10.0373,-0.00210238
7.25,10.0578,10.0606,-0.00281046
7.26667,10.0807,10.0841,-0.00345465
7.28333,10.1034,10.1079,-0.00450648
7.3,10.1279,10.1319,-0.0039761
7.31667,10.1518,10.1562,-0.0044144
7.33333,10.1761,10.1807,-0.00461863
7.35,10.2017,10.2055,-0.00374066
7.36667,10.2275,10.2305,-0.00297778
7.38333,10.2517,10.2557,-0.00399178
7.4,10.2774,10.2812,-0.00382849
7.41667,10.3034,10.3069,-0.0035354
7.43333,10.3301,10.3329,-0.00277224
7.45,10.3553,10.3591,-0.00381781
7.46667,10.3817,10.3855,-0.00381475
7.48333,10.4092,10.4122,-0.00298588
7.5,10.4355,10.439,-0.00347644
7.51667,10.4619,10.4661,-0.00424435
7.53333,10.4906,10.4934,-0.00283543
7.55,10.5171,10.5209,-0.00378911
7.56667,10.5444,10.5487,-0.00426776
7.58333,10.572,10.5766,-0.00460968
7.6,10.6018,10.6047,-0.00291985
7.61667,10.6291,10.6331,-0.00399756
7.63333,10.6579,10.6616,-0.00365464
7.65,10.6867,10.6903,-0.00358716
7.66667,10.7154,10.7192,-0.00378257
7.68333,10.7461,10.7483,-0.0021737
7.7,10.7741,10.7775,-0.003364
7.71667,10.8042,10.8069,-0.00275593
7.73333,10.8345,10.8365,-0.00201643
7.75,10.8644,10.8662,-0.00182213
7.76667,10.8941,10.8961,-0.00204693
7.78333,10.9231,10.9261,-0.00299983
7.8,10.9528,10.9563,-0.00347126
7.81667,10.9834,10.9866,-0.00320495
7.83333,11.0145,11.0171,-0.00254452
7.85,11.0451,11.0476,-0.00249415
7.86667,11.0767,11.0783,-0.0015699
7.88333,11.1067,11.1091,-0.00241754
7.9,11.1387,11.14,-0.00124088
7.91667,11.1683,11.171,-0.00267666
7.93333,11.1984,11.202,-0.003666
7.95,11.2316,11.2332,-0.00162403
7.96667,11.2614,11.2645,-0.00308151
7.98333,11.2932,11.2958,-0.00259172
8,11.326,11.3272,-0.00118963
8.01667,11.358,11.3586,-0.00062676
8.03333,11.3871,11.3901,-0.00303495
8.05,11.4194,11.4216,-0.00218909
8.06667,11.4524,11.4532,-0.000769325
8.08333,11.483,11.4848,-0.00179551
8.1,11.5149,11.5165,-0.00159878
8.11667,11.5464,11.5481,-0.00175126
8.13333,11.578,11.5798,-0.00176938
8.15,11.6094,11.6114,-0.00206338
8.16667,11.6419,11.6431,-0.00116794
8.18333,11.6745,11.6747,-0.000283819
8.2,11.7047,11.7064,-0.0016636
8.21667,11.7374,11.738,-0.000646754
8.23333,11.7694,11.7696,-0.000150877
8.25,11.8016,11.8011,0.000460255
8.26667,11.8326,11.8326,-6.25064e-05
8.28333,11.8634,11.8641,-0.000651813
8.3,11.8957,11.8955,0.000189753
8.31667,11.9268,11.9268,-2.70309e-05
8.33333,11.958,11.958,-4.66555e-05
8.35,11.989,11.9892,-0.000237177
8.36667,12.0207,12.0203,0.000386136
8.38333,12.0519,12.0513,0.000615812
8.4,12.0836,12.0822,0.00135318
8.41667,12.1143,12.113,0.00128033
8.43333,12.1444,12.1437,0.000714941
8.45,12.174,12.1743,-0.000226261
8.46667,12.2064,12.2047,0.00166935
8.48333,12.2358,12.235,0.000754611
8.5,12.2666,12.2652,0.00134452
8.51667,12.2952,12.2953,-0.000117129
8.53333,12.3264,12.3252,0.00116995
8.55,12.357,12.3549,0.00201747
8.56667,12.3864,12.3845,0.00183096
8.58333,12.4161,12.414,0.00211638
8.6,12.4438,12.4432,0.000540749
8.61667,12.474,12.4723,0.00164648
8.63333,12.5035,12.5012,0.00232042
8.65,12.5308,12.53,0.000885321
8.66667,12.5601,12.5585,0.00158089
8.68333,12.5878,12.5869,0.000989757
8.7,12.6173,12.615,0.00229191
8.71667,12.6455,12.643,0.00249251
8.73333,12.6725,12.6707,0.00173959
8.75,12.6993,12.6983,0.00107088
8.76667,12.7279,12.7256,0.00235757
8.78333,12.755,12.7527,0.0022946
8.8,12.7825,12.7796,0.00288593
8.81667,12.8087,12.8063,0.00240813
8.83333,12.8349,12.8327,0.00216247
8.85,12.8609,12.8589,0.00193121
8.86667,12.8877,12.8849,0.00274171
8.88333,12.9132,12.9107,0.00258965
8.9,12.938,12.9362,0.0018241
8.91667,12.9644,12.9614,0.00298612
8.93333,12.9894,12.9865,0.00293521
8.95,13.014,13.0113,0.00268204
8.96667,13.0399,13.0358,0.00404916
8.98333,13.0629,13.0601,0.00276467
9,13.0866,13.0842,0.00248767
9.01667,13.1098,13.108,0.00182199
9.03333,13.1348,13.1315,0.00331474
9.05,13.1591,13.1548,0.00428021
9.06667,13.1805,13.1779,0.00260895
9.08333,13.2031,13.2007,0.00241653
9.1,13.226,13.2232,0.00279207
9.11667,13.2486,13.2455,0.00312417
9.13333,13.2699,13.2675,0.00233044
9.15,13.2938,13.2893,0.00450107
9.16667,13.315,13.3109,0.00408122
9.18333,13.3359,13.3322,0.00373769
9.2,13.357,13.3532,0.00376546
9.21667,13.3778,13.374,0.00383851
9.23333,13.3987,13.3945,0.00413056
9.25,13.4193,13.4148,0.00443346
9.26667,13.4373,13.4349,0.00244095
9.28333,13.4579,13.4547,0.00317931
9.3,13.4779,13.4743,0.00365368
9.31667,13.4982,13.4936,0.00457999
9.33333,13.5163,13.5127,0.00363059
9.35,13.5342,13.5316,0.0025798
9.36667,13.554,13.5502,0.00377042
9.38333,13.5719,13.5686,0.00326033
9.4,13.592,13.5868,0.0051579
9.41667,13.608,13.6048,0.00325288
9.43333,13.6262,13.6225,0.00361758
9.45,13.6437,13.6401,0.00358921
9.46667,13.6615,13.6574,0.00406011
9.48333,13.6769,13.6745,0.0024152
9.5,13.6952,13.6914,0.00379585
9.51667,13.7122,13.7081,0.00409406
9.53333,13.7279,13.7247,0.00324275
9.55,13.7447,13.741,0.00365449
9.56667,13.7594,13.7572,0.00220527
9.58333,13.7765,13.7731,0.00334658
9.6,13.7926,13.7889,0.00368984
9.61667,13.8079,13.8046,0.00330437
9.63333,13.822,13.82,0.00192296
9.65,13.8388,13.8353,0.00345512
9.66667,13.8533,13.8505,0.00282782
9.68333,13.8698,13.8655,0.00432931
9.7,13.884,13.8804,0.00368217
9.71667,13.8975,13.8951,0.00245372
9.73333,13.9117,13.9097,0.00201447
9.75,13.9281,13.9242,0.00392818
9.76667,13.9416,13.9385,0.00305803
9.78333,13.9559,13.9527,0.00313244
9.8,13.9698,13.9669,0.00289096
9.81667,13.9831,13.9809,0.00216968
9.83333,13.9968,13.9949,0.00192885
9.85,14.0113,14.0087,0.00254885
9.86667,14.025,14.0225,0.00247938
9.88333,14.0379,14.0362,0.0017062
9.9,14.0521,14.0498,0.00230704
9.91667,14.0659,14.0634,0.00253105
9.93333,14.0789,14.0769,0.0020341
9.95,14.0929,14.0904,0.00250076
9.96667,14.1061,14.1038,0.00229889
9.98333,14.1201,14.1172,0.00285692
10,14.1333,14.1306,0.00276821
10.0167,14.1473,14.1439,0.00336494
10.0333,14.1606,14.1573,0.00332091
10.05,14.1722,14.1706,0.00155212
10.0667,14.1858,14.1839,0.00183011
10.0833,14.1992,14.1973,0.00190205
10.1,14.2137,14.2106,0.00301033
10.1167,14.227,14.224,0.00297425
10.1333,14.2412,14.2374,0.00372192
10.15,14.2541,14.2509,0.00319942
10.1667,14.2678,14.2644,0.00343575
10.1833,14.2795,14.2779,0.00162185
10.2,14.2932,14.2915,0.00165015
10.2167,14.3067,14.3052,0.00156844
10.2333,14.3209,14.3189,0.00196725
10.25,14.3343,14.3327,0.001586
10.2667,14.3482,14.3466,0.00161414
10.2833,14.3619,14.3606,0.00131453
10.3,14.3764,14.3746,0.00173583
10.3167,14.3903,14.3888,0.00146215
10.3333,14.4047,14.4031,0.00159608
10.35,14.4189,14.4175,0.00139589
10.3667,14.4351,14.432,0.00307166
10.3833,14.4485,14.4467,0.00186544
10.4,14.4636,14.4614,0.00217203
10.4167,14.4778,14.4764,0.00142366
10.4333,14.4927,14.4914,0.00131165
10.45,14.5087,14.5066,0.00207239
10.4667,14.5246,14.522,0.0025972
10.4833,14.5381,14.5375,0.000609389
10.5,14.5555,14.5532,0.00224678
10.5167,14.5702,14.5691,0.00111139
10.5333,14.5858,14.5851,0.000700578
10.55,14.6027,14.6014,0.00135111
10.5667,14.6185,14.6178,0.000719833
10.5833,14.6367,14.6344,0.00235839
10.6,14.652,14.6512,0.00086239
10.6167,14.6686,14.6682,0.00047875
10.6333,14.6863,14.6854,0.000955595
10.65,14.7023,14.7028,-0.000516556
10.6667,14.7212,14.7204,0.000771268
10.6833,14.7385,14.7382,0.000274453
10.7,14.7564,14.7563,0.000147637
10.7167,14.7745,14.7745,-5.74337e-05
10.7333,14.7934,14.793,0.000313366
10.75,14.8119,14.8118,0.000109025
10.7667,14.8309,14.8307,0.000149473
10.7833,14.8503,14.8499,0.000331896
10.8,14.8696,14.8694,0.000261357
10.8167,14.8887,14.889,-0.000286197
10.8333,14.9081,14.9089,-0.000868973
10.85,14.9293,14.9291,0.000220292
10.8667,14.9498,14.9495,0.000309294
10.8833,14.9707,14.9701,0.000556587
10.9,14.9898,14.991,-0.00117666
10.9167,15.0112,15.0121,-0.000916743
10.9333,15.0336,15.0335,0.000109349
10.95,15.0542,15.0552,-0.000988854
10.9667,15.0769,15.0771,-0.000148638
10.9833,15.0982,15.0992,-0.000977261
11,15.121,15.1216,-0.000608251
11.0167,15.1425,15.1442,-0.00176872
11.0333,15.1677,15.1671,0.00053607
11.05,15.1901,15.1903,-0.00012826
11.0667,15.2134,15.2137,-0.000258613
11.0833,15.236,15.2373,-0.00131224
11.1,15.2594,15.2612,-0.00178146
11.1167,15.2845,15.2854,-0.00084507
11.1333,15.3088,15.3098,-0.000992333
11.15,15.3329,15.3344,-0.00146341
11.1667,15.3582,15.3593,-0.00113659
11.1833,15.3841,15.3844,-0.000269478
11.2,15.4077,15.4098,-0.00211473
11.2167,15.4334,15.4354,-0.00198407
11.2333,15.4591,15.4612,-0.0021127
11.25,15.4855,15.4873,-0.00182766
11.2667,15.5107,15.5136,-0.00292822
11.2833,15.5383,15.5401,-0.00189173
11.3,15.5659,15.5669,-0.000972001
11.3167,15.5909,15.5939,-0.00295627
11.3333,15.6182,15.6211,-0.00284081
11.35,15.6451,15.6485,-0.00336982
11.3667,15.6723,15.6761,-0.00384198
11.3833,15.7021,15.704,-0.00180559
11.4,15.7294,15.732,-0.00263144
11.4167,15.7566,15.7602,-0.00360324
11.4333,15.7863,15.7886,-0.00237293
11.45,15.813,15.8173,-0.00423989
11.4667,15.8435,15.8461,-0.0025953
11.4833,15.8734,15.8751,-0.00164105
11.5,15.9007,15.9042,-0.00352993
11.5167,15.9317,15.9335,-0.00184655
11.5333,15.9595,15.963,-0.00354374
11.55,15.989,15.9927,-0.00370266
11.5667,16.0178,16.0225,-0.00470303
11.5833,16.0493,16.0525,-0.00313996
11.6,16.0787,16.0826,-0.00385556
11.6167,16.11,16.1128,-0.00281458
11.6333,16.1397,16.1432,-0.00348087
11.65,16.1704,16.1737,-0.00324495
11.6667,16.2025,16.2043,-0.00182563
11.6833,16.2326,16.235,-0.0024545
11.7,16.2622,16.2659,-0.00368672
11.7167,16.293,16.2968,-0.00383442
11.7333,16.3244,16.3278,-0.00348011
11.75,16.3547,16.359,-0.00428602
11.7667,16.3865,16.3902,-0.00369503
11.7833,16.4176,16.4215,-0.00381867
11.8,16.4505,16.4528,-0.00227922
11.8167,16.4796,16.4842,-0.00461037
11.8333,16.5102,16.5157,-0.00545049
11.85,16.5427,16.5472,-0.00447476
11.8667,16.5751,16.5788,-0.00366905
11.8833,16.6075,16.6104,-0.00291303
11.9,16.6384,16.642,-0.00359028
11.9167,16.6697,16.6736,-0.00393008
11.9333,16.7025,16.7053,-0.00274916
11.95,16.732,16.737,-0.00497563
11.9667,16.7635,16.7686,-0.00510463
11.9833,16.7972,16.8003,-0.00305244
12,16.8278,16.8319,-0.00408932
12.0167,16.8603,16.8636,-0.00326949
12.0333,16.8922,16.8952,-0.00294533
12.05,16.9236,16.9267,-0.0030953
12.0667,16.9559,16.9582,-0.00229051
12.0833,16.9862,16.9897,-0.003496
12.1,17.0174,17.0211,-0.00374588
12.1167,17.0503,17.0525,-0.00215482
12.1333,17.0804,17.0838,-0.00333441
12.15,17.1136,17.115,-0.00141387
12.1667,17.1433,17.1461,-0.00278515
12.1833,17.1746,17.1772,-0.00255154
12.2,17.2047,17.2081,-0.00340641
12.2167,17.236,17.239,-0.00302131
12.2333,17.2662,17.2697,-0.00352363
12.25,17.2974,17.3004,-0.00291673
12.2667,17.3271,17.3309,-0.00376852
12.2833,17.3596,17.3613,-0.00165935
12.3,17.3894,17.3915,-0.00211529
12.3167,17.4193,17.4216,-0.00232821
12.3333,17.4492,17.4516,-0.00237319
12.35,17.4795,17.4814,-0.00194081
12.3667,17.5098,17.5111,-0.00133669
12.3833,17.5384,17.5406,-0.00217593
12.4,17.5689,17.57,-0.00102036
12.4167,17.5976,17.5991,-0.00157162
12.4333,17.6267,17.6281,-0.0014283
12.45,17.6568,17.657,-0.000212495
12.4667,17.6829,17.6856,-0.00273929
12.4833,17.7122,17.7141,-0.00182264
12.5,17.7411,17.7423,-0.0011707
12.5167,17.7696,17.7704,-0.000803435
12.5333,17.7968,17.7982,-0.00143036
12.55,17.8237,17.8259,-0.00217088
12.5667,17.8533,17.8533,-2.51925e-05
12.5833,17.8793,17.8805,-0.00125795
12.6,17.9067,17.9075,-0.000804196
12.6167,17.9351,17.9343,0.000777225
12.6333,17.9608,17.9609,-9.44765e-05
12.65,17.9869,17.9872,-0.000333064
12.6667,18.0126,18.0133,-0.000679804
12.6833,18.0392,18.0392,-3.60172e-06
12.7,18.0649,18.0648,6.42671e-05
12.7167,18.0912,18.0902,0.00099298
12.7333,18.1161,18.1153,0.000728185
12.75,18.1406,18.1402,0.000346739
12.7667,18.1643,18.1649,-0.000590372
12.7833,18.1897,18.1893,0.000326576
12.8,18.213,18.2135,-0.000527845
12.8167,18.2392,18.2374,0.00173747
12.8333,18.2602,18.2611,-0.000887193
12.85,18.2854,18.2845,0.000884313
12.8667,18.3084,18.3077,0.000733944
12.8833,18.3313,18.3306,0.000652529
12.9,18.3537,18.3533,0.000409359
12.9167,18.3766,18.3757,0.000911657
12.9333,18.3974,18.3979,-0.000461246
12.95,18.4199,18.4198,6.00328e-05
12.9667,18.4423,18.4415,0.000871509
12.9833,18.4649,18.4629,0.002045
13,18.4845,18.484,0.000411367
13.0167,18.5069,18.505,0.00197557
13.0333,18.5261,18.5256,0.000436926
13.05,18.5466,18.5461,0.0005622
13.0667,18.5687,18.5662,0.00243869
13.0833,18.5873,18.5862,0.00113281
13.1,18.6066,18.6059,0.000745685
13.1167,18.6279,18.6253,0.00260375
13.1333,18.6464,18.6445,0.00192304
13.15,18.6651,18.6635,0.00163081
13.1667,18.6839,18.6823,0.0016192
13.1833,18.7024,18.7008,0.00163101
13.2,18.7206,18.7191,0.00155963
13.2167,18.739,18.7372,0.00180681
13.2333,18.7572,18.755,0.00216521
13.25,18.7753,18.7727,0.00268851
13.2667,18.791,18.7901,0.000934155
13.2833,18.8093,18.8073,0.00196708
13.3,18.8253,18.8243,0.000946567
13.3167,18.8435,18.8411,0.00236812
13.3333,18.86,18.8578,0.00219586
13.35,18.8757,18.8742,0.00153078
13.3667,18.8939,18.8904,0.00351605
13.3833,18.9095,18.9065,0.00303122
13.4,18.9263,18.9224,0.00393439
13.4167,18.942,18.9381,0.00389986
13.4333,18.956,18.9536,0.00233963
13.45,18.9717,18.969,0.00271203
13.4667,18.9879,18.9843,0.00361142
13.4833,19.0016,18.9993,0.00224983
13.5,19.0177,19.0143,0.00339802
13.5167,19.0319,19.0291,0.00281141
13.5333,19.0478,19.0437,0.00410535
13.55,19.0611,19.0583,0.0028509
13.5667,19.0753,19.0727,0.00259989
13.5833,19.0901,19.087,0.00312993
13.6,19.1035,19.1011,0.00239082
13.6167,19.1178,19.1152,0.00262257
13.6333,19.1323,19.1292,0.00307818
13.65,19.1459,19.1431,0.00277034
13.6667,19.1602,19.1569,0.00331707
13.6833,19.1747,19.1707,0.00399666
13.7,19.1867,19.1843,0.00242238
13.7167,19.2013,19.1979,0.00336034
13.7333,19.2138,19.2115,0.00229689
13.75,19.2281,19.225,0.00314724
13.7667,19.2412,19.2384,0.00276542
13.7833,19.2553,19.2518,0.00350192
13.8,19.2677,19.2652,0.00246948
13.8167,19.2824,19.2786,0.0038607
13.8333,19.2957,19.2919,0.00374869
13.85,19.3077,19.3053,0.00242116
13.8667,19.323,19.3186,0.00435833
13.8833,19.3364,19.3319,0.00446577
13.9,19.3494,19.3453,0.00412854
13.9167,19.3617,19.3587,0.00308805
13.9333,19.3745,19.372,0.00240853
13.95,19.3878,19.3855,0.00230719
13.9667,19.4011,19.3989,0.00216474
13.9833,19.4146,19.4125,0.00209856
14,19.4287,19.426,0.00271161
14.0167,19.4422,19.4397,0.00256734
14.0333,19.4558,19.4533,0.0024811
14.05,19.4706,19.4671,0.00349243
14.0667,19.4831,19.481,0.0021591
14.0833,19.4977,19.4949,0.00277265
14.1,19.5126,19.5089,0.00364481
14.1167,19.5271,19.523,0.00410566
14.1333,19.5416,19.5373,0.00436831
14.15,19.5557,19.5516,0.00414148
14.1667,19.5705,19.5661,0.0044727
14.1833,19.5832,19.5806,0.00260389
14.2,19.5985,19.5954,0.00313339
14.2167,19.614,19.6102,0.00380786
14.2333,19.6291,19.6252,0.003905
14.25,19.6439,19.6403,0.00353282
14.2667,19.6578,19.6556,0.00220615
14.2833,19.6752,19.6711,0.00412586
14.3,19.6896,19.6867,0.00291164
14.3167,19.7058,19.7025,0.00331916
14.3333,19.721,19.7184,0.00257875
14.35,19.738,19.7345,0.00349021
14.3667,19.7547,19.7509,0.00381232
14.3833,19.7699,19.7674,0.0025246
14.4,19.7867,19.7841,0.00263638
14.4167,19.804,19.801,0.00302932
14.4333,19.821,19.8181,0.00294453
14.45,19.8389,19.8354,0.0035079
14.4667,19.8564,19.8529,0.0035587
14.4833,19.8747,19.8706,0.00413714
14.5,19.8908,19.8885,0.0022425
14.5167,19.91,19.9067,0.00330859
14.5333,19.9283,19.9251,0.00317269
14.55,19.9472,19.9437,0.00348618
14.5667,19.9655,19.9626,0.00299253
14.5833,19.9858,19.9816,0.00416935
14.6,20.003,20.0009,0.00207951
14.6167,20.0232,20.0205,0.00267796
14.6333,20.0429,20.0403,0.00260005
14.65,20.0621,20.0603,0.00181393
14.6667,20.0839,20.0806,0.00334219
14.6833,20.1028,20.1011,0.00169964
14.7,20.1242,20.1219,0.00230331
14.7167,20.1456,20.1429,0.0027161
14.7333,20.1669,20.1641,0.0027596
14.75,20.1876,20.1856,0.00198598
14.7667,20.2089,20.2074,0.0015284
14.7833,20.2318,20.2294,0.00235811
14.8,20.2552,20.2517,0.00355526
14.8167,20.2759,20.2742,0.00173343
14.8333,20.299,20.297,0.00205059
14.85,20.3217,20.32,0.00164745
14.8667,20.3459,20.3433,0.00257672
14.8833,20.3687,20.3668,0.00187497
14.9,20.3923,20.3906,0.00175061
14.9167,20.4166,20.4146,0.0020085
14.9333,20.4416,20.4389,0.00276733
14.95,20.464,20.4634,0.000620023
14.9667,20.4893,20.4882,0.00110369
14.9833,20.5141,20.5132,0.000913788
15,20.5404,20.5384,0.00194739
15.0167,20.5642,20.5639,0.000334062
15.0333,20.5918,20.5896,0.0022064
15.05,20.6178,20.6156,0.00223998
15.0667,20.6433,20.6418,0.00149659
15.0833,20.6692,20.6682,0.00100863
15.1,20.6969,20.6948,0.0020887
15.1167,20.723,20.7217,0.00126796
15.1333,20.749,20.7488,0.0002376
15.15,20.7778,20.7761,0.00173039
15.1667,20.8041,20.8036,0.000417493
15.1833,20.8318,20.8314,0.000433544
15.2,20.8592,20.8593,-9.17138e-05
15.2167,20.889,20.8874,0.00161792
15.2333,20.9168,20.9158,0.00103545
15.25,20.9452,20.9443,0.000928775
15.2667,20.973,20.973,-2.83865e-05
15.2833,21.0022,21.0019,0.000277467
15.3,21.032,21.031,0.00100121
15.3167,21.0597,21.0602,-0.000510321
15.3333,21.0888,21.0896,-0.000856944
15.35,21.1189,21.1192,-0.000313335
15.3667,21.148,21.1489,-0.000957684
15.3833,21.1788,21.1788,-4.77164e-05
15.4,21.2075,21.2088,-0.00137848
15.4167,21.2392,21.239,0.000143579
15.4333,21.27,21.2693,0.000704551
15.45,21.2986,21.2998,-0.00115259
15.4667,21.3293,21.3303,-0.000993709
15.4833,21.3599,21.361,-0.00112154
15.5,21.391,21.3918,-0.000824676
15.5167,21.4205,21.4227,-0.00214152
15.5333,21.4517,21.4537,-0.00200228
15.55,21.4835,21.4848,-0.00123525
15.5667,21.5148,21.5159,-0.00109493
15.5833,21.5452,21.5472,-0.00198032
15.6,21.5766,21.5785,-0.00187137
15.6167,21.609,21.6099,-0.000881084
15.6333,21.641,21.6413,-0.00036222
15.65,21.6717,21.6728,-0.00106237
15.6667,21.7026,21.7044,-0.0017197
15.6833,21.7335,21.7359,-0.00238054
15.7,21.7663,21.7675,-0.00126657
15.7167,21.796,21.7992,-0.00321272
15.7333,21.8291,21.8308,-0.00173568
15.75,21.8607,21.8625,-0.00176831
15.7667,21.8922,21.8942,-0.00192851
15.7833,21.9246,21.9258,-0.0012423
15.8,21.9558,21.9575,-0.0016826
15.8167,21.9854,21.9891,-0.00365494
15.8333,22.0177,22.0207,-0.00305823
15.85,22.0492,22.0523,-0.00310102
15.8667,22.0811,22.0838,-0.00271279
15.8833,22.1133,22.1153,-0.00205814
15.9,22.1449,22.1468,-0.00186839
15.9167,22.1748,22.1782,-0.00342068
15.9333,22.2074,22.2095,-0.00211633
15.95,22.2376,22.2408,-0.00315192
15.9667,22.2682,22.2719,-0.00371847
15.9833,22.2991,22.303,-0.00387735
16,22.3304,22.334,-0.00359895
16.0167,22.3618,22.3649,-0.0031031
16.0333,22.3931,22.3957,-0.00267194
16.05,22.4226,22.4264,-0.00382078
16.0667,22.4534,22.457,-0.00358536
16.0833,22.485,22.4874,-0.00246551
16.1,22.5151,22.5178,-0.00269397
16.1167,22.5453,22.5479,-0.00268435
16.1333,22.5742,22.578,-0.00381032
16.15,22.6044,22.6079,-0.00351654
16.1667,22.6334,22.6376,-0.00421497
16.1833,22.6641,22.6672,-0.00309346
16.2,22.6931,22.6967,-0.00359491
16.2167,22.7215,22.7259,-0.00441875
16.2333,22.7526,22.755,-0.00239675
16.25,22.7811,22.7839,-0.00279324
16.2667,22.8107,22.8127,-0.0019701
16.2833,22.8374,22.8412,-0.00382982
16.3,22.867,22.8696,-0.00258285
16.3167,22.8942,22.8977,-0.00352028
16.3333,22.9218,22.9257,-0.00385144
16.35,22.9486,22.9534,-0.00480888
16.3667,22.9777,22.981,-0.00321075
16.3833,23.0053,23.0083,-0.00297307
16.4,23.0319,23.0354,-0.00349879
16.4167,23.0602,23.0623,-0.00207811
16.4333,23.0856,23.089,-0.00334114
16.45,23.1108,23.1154,-0.0046247
16.4667,23.1387,23.1416,-0.00288156
16.4833,23.1642,23.1676,-0.00337938
16.5,23.1903,23.1934,-0.0030465
16.5167,23.215,23.2189,-0.00390713
16.5333,23.2408,23.2441,-0.00328597
16.55,23.2654,23.2692,-0.00378337
16.5667,23.292,23.294,-0.00200413
16.5833,23.315,23.3185,-0.00352505
16.6,23.3404,23.3428,-0.00237468
16.6167,23.3638,23.3668,-0.00304433
16.6333,23.3869,23.3906,-0.00376123
16.65,23.4128,23.4142,-0.00137419
16.6667,23.4347,23.4375,-0.00281527
16.6833,23.4583,23.4605,-0.00228052
16.7,23.4808,23.4833,-0.00256438
16.7167,23.5043,23.5059,-0.00155281
16.7333,23.5266,23.5282,-0.0015756
16.75,23.5473,23.5502,-0.00291401
16.7667,23.5693,23.572,-0.00274539
16.7833,23.5904,23.5935,-0.00318409
16.8,23.6133,23.6148,-0.00154078
16.8167,23.6342,23.6359,-0.00165561
16.8333,23.654,23.6567,-0.00262286
16.85,23.6743,23.6772,-0.00293358
16.8667,23.6961,23.6975,-0.00142503
16.8833,23.7168,23.7176,-0.00076942
16.9,23.7351,23.7374,-0.00226416
16.9167,23.7559,23.7569,-0.00103418
16.9333,23.775,23.7763,-0.00125678
16.95,23.7927,23.7954,-0.00265992
16.9667,23.8118,23.8142,-0.00245715
16.9833,23.8311,23.8329,-0.0018078
17,23.8503,23.8513,-0.000939609
17.0167,23.8687,23.8695,-0.000813281
17.0333,23.886,23.8874,-0.00146784
17.05,23.9051,23.9052,-9.91006e-05
17.0667,23.9221,23.9227,-0.000626918
17.0833,23.9392,23.94,-0.000872445
17.1,23.9556,23.9572,-0.00155151
17.1167,23.9732,23.9741,-0.000879456
17.1333,23.9886,23.9908,-0.00222816
17.15,24.0059,24.0073,-0.00137698
17.1667,24.0242,24.0237,0.000514905
17.1833,24.0395,24.0398,-0.000318219
17.2,24.0547,24.0558,-0.00107258
17.2167,24.0701,24.0716,-0.00143614
17.2333,24.0865,24.0872,-0.000749372
17.25,24.1014,24.1027,-0.00125241
17.2667,24.118,24.118,1.87001e-05
17.2833,24.1316,24.1331,-0.00152795
17.3,24.1473,24.1481,-0.000796707
17.3167,24.1621,24.163,-0.000874263
17.3333,24.1773,24.1777,-0.000454735
17.35,24.1923,24.1923,2.38074e-05
17.3667,24.2065,24.2068,-0.00030751
17.3833,24.2214,24.2211,0.000271929
17.4,24.2361,24.2354,0.000723611
17.4167,24.2495,24.2495,2.00843e-05
17.4333,24.2635,24.2635,-2.25058e-05
17.45,24.2764,24.2775,-0.00111192
17.4667,24.2911,24.2913,-0.000242019
17.4833,24.3053,24.3051,0.000188772
17.5,24.3196,24.3188,0.000764242
17.5167,24.3326,24.3324,0.000194927
17.5333,24.3455,24.346,-0.000521421
17.55,24.3584,24.3595,-0.00112578
17.5667,24.3731,24.373,5.24662e-05
17.5833,24.3878,24.3864,0.00135364
17.6,24.4007,24.3998,0.00083267
17.6167,24.4138,24.4132,0.00057366
17.6333,24.4267,24.4266,0.000122794
17.65,24.4392,24.4399,-0.000743984
17.6667,24.454,24.4532,0.000721924
17.6833,24.4672,24.4666,0.000603761
17.7,24.48,24.4799,5.59944e-05
17.7167,24.4946,24.4933,0.00127499
17.7333,24.5078,24.5067,0.0011501
17.75,24.5209,24.5201,0.000838864
17.7667,24.5337,24.5335,0.000187729
17.7833,24.5472,24.547,0.000227087
17.8,24.5604,24.5606,-0.000152262
17.8167,24.5749,24.5741,0.000785925
17.8333,24.588,24.5878,0.000192846
17.85,24.6031,24.6015,0.00155274
17.8667,24.6164,24.6153,0.00109715
17.8833,24.6301,24.6292,0.00088599
17.9,24.6445,24.6432,0.00134408
17.9167,24.6584,24.6573,0.001136
17.9333,24.6735,24.6715,0.00201032
17.95,24.6857,24.6857,-7.73833e-05
17.9667,24.7011,24.7001,0.000918221
17.9833,24.7164,24.7147,0.00170313
18,24.7307,24.7293,0.00135601
18.0167,24.7463,24.7441,0.00226429
18.0333,24.7602,24.759,0.00115888
18.05,24.7753,24.7741,0.00126398
18.0667,24.7899,24.7893,0.000631548
18.0833,24.8073,24.8046,0.00262204
18.1,24.8212,24.8202,0.000994243
18.1167,24.8373,24.8359,0.00138561
18.1333,24.8519,24.8517,0.000165185
18.15,24.8687,24.8678,0.000929322
18.1667,24.8849,24.884,0.000871962
18.1833,24.9022,24.9004,0.0018257
18.2,24.9176,24.917,0.000571399
18.2167,24.9361,24.9338,0.00230799
18.2333,24.9528,24.9508,0.00198299
18.25,24.9691,24.968,0.00103902
18.2667,24.9877,24.9854,0.00226013
18.2833,25.0068,25.003,0.00373751
18.3,25.0224,25.0209,0.00151951
18.3167,25.0402,25.0389,0.001237
18.3333,25.0583,25.0572,0.00111811
18.35,25.0771,25.0757,0.00141539
18.3667,25.0974,25.0944,0.00301234
18.3833,25.1158,25.1134,0.00242045
18.4,25.134,25.1326,0.00145864
18.4167,25.1546,25.152,0.00257101
18.4333,25.1746,25.1717,0.00289956
18.45,25.1927,25.1916,0.0011337
18.4667,25.2132,25.2117,0.00148453
18.4833,25.2343,25.2321,0.00220233
18.5,25.2549,25.2528,0.00211843
18.5167,25.2752,25.2737,0.00155834
18.5333,25.2963,25.2948,0.00146699
18.55,25.3199,25.3162,0.00368178
18.5667,25.3399,25.3378,0.00206182
18.5833,25.3618,25.3597,0.00209181
18.6,25.3851,25.3819,0.00320729
18.6167,25.406,25.4043,0.0017139
18.6333,25.4292,25.4269,0.0022832
18.65,25.4529,25.4498,0.00311529
18.6667,25.4751,25.473,0.00214299
18.6833,25.4988,25.4964,0.00240241
18.7,25.5237,25.52,0.00364876
18.7167,25.5459,25.5439,0.00197829
18.7333,25.5712,25.5681,0.00315218
18.75,25.5957,25.5924,0.00322438
18.7667,25.6193,25.6171,0.00221387
18.7833,25.6447,25.642,0.00268361
18.8,25.6709,25.6671,0.0037821
18.8167,25.6951,25.6925,0.00263012
18.8333,25.7219,25.7181,0.00378422
18.85,25.7466,25.7439,0.00268257
18.8667,25.7727,25.77,0.00272977
18.8833,25.7991,25.7963,0.00275413
18.9,25.8263,25.8228,0.0034972
18.9167,25.8539,25.8496,0.00427169
18.9333,25.8797,25.8766,0.00310076
18.95,25.9072,25.9038,0.00336619
18.9667,25.9343,25.9312,0.00314821
18.9833,25.9614,25.9588,0.00259925
19,25.9889,25.9867,0.00227339
19.0167,26.0181,26.0147,0.00339989
19.0333,26.045,26.0429,0.00210894
19.05,26.0734,26.0714,0.00205095
19.0667,26.1038,26.1,0.00381577
19.0833,26.1315,26.1288,0.00276513
19.1,26.161,26.1578,0.00328713
19.1167,26.1898,26.1869,0.00283402
19.1333,26.2182,26.2162,0.00191189
19.15,26.2486,26.2457,0.00284262
19.1667,26.2795,26.2754,0.00410739
19.1833,26.3088,26.3052,0.00356502
19.2,26.3378,26.3352,0.00264607
19.2167,26.367,26.3653,0.0017107
19.2333,26.3985,26.3955,0.00302916
19.25,26.4292,26.4259,0.00326563
19.2667,26.4594,26.4564,0.00298385
19.2833,26.4895,26.487,0.00251696
19.3,26.5202,26.5177,0.00244476
19.3167,26.5495,26.5486,0.000875516
19.3333,26.5818,26.5795,0.00222641
19.35,26.6138,26.6106,0.00323738
19.3667,26.6434,26.6417,0.00175134
19.3833,26.6756,26.6729,0.00271616
19.4,26.707,26.7042,0.0027704
19.4167,26.737,26.7355,0.00141883
19.4333,26.7683,26.7669,0.00134702
19.45,26.8004,26.7984,0.0019771
19.4667,26.8319,26.8299,0.00201468
19.4833,26.8645,26.8615,0.00300546
19.5,26.894,26.8931,0.000946328
19.5167,26.9268,26.9247,0.00209954
19.5333,26.9567,26.9564,0.000385648
19.55,26.9888,26.988,0.000820739
19.5667,27.0203,27.0197,0.000602331
19.5833,27.0521,27.0513,0.00078115
19.6,27.083,27.083,2.20683e-05
19.6167,27.1152,27.1146,0.000532613
19.6333,27.1477,27.1463,0.00140679
19.65,27.1774,27.1779,-0.000514926
19.6667,27.2115,27.2094,0.00209509
19.6833,27.2417,27.241,0.000760768
19.7,27.2726,27.2724,0.000203889
19.7167,27.304,27.3039,0.000173271
19.7333,27.3354,27.3352,0.000217418
19.75,27.3667,27.3665,0.000195922
19.7667,27.3977,27.3977,-2.07073e-05
19.7833,27.4282,27.4289,-0.000617569
19.8,27.4582,27.4599,-0.00171688
19.8167,27.4905,27.4908,-0.00032456
19.8333,27.522,27.5217,0.000279186
19.85,27.5525,27.5524,8.58876e-05
19.8667,27.5815,27.5831,-0.00162325
19.8833,27.6124,27.6136,-0.00116591
19.9,27.6433,27.644,-0.000718038
19.9167,27.6739,27.6742,-0.000350679
19.9333,27.7038,27.7043,-0.000529803
19.95,27.7336,27.7343,-0.000724654
19.9667,27.7639,27.7641,-0.000203355
19.9833,27.7935,27.7938,-0.000354166
20,27.8223,27.8233,-0.00102146
20.0167,27.8508,27.8527,-0.00192265
20.0333,27.8806,27.8819,-0.00123797
20.05,27.9098,27.9109,-0.00108548
20.0667,27.9384,27.9397,-0.0012638
20.0833,27.9671,27.9683,-0.00123268
20.1,27.9964,27.9968,-0.000386888
20.1167,28.0239,28.025,-0.00110922
20.1333,28.0512,28.0531,-0.00190188
20.15,28.0793,28.0809,-0.00163819
20.1667,28.1065,28.1086,-0.00203357
20.1833,28.1349,28.136,-0.00110097
20.2,28.1619,28.1632,-0.00133649
20.2167,28.1874,28.1902,-0.00278351
20.2333,28.2146,28.217,-0.00236732
20.25,28.2418,28.2436,-0.0017193
20.2667,28.2661,28.2699,-0.00375174
20.2833,28.2936,28.296,-0.002362
20.3,28.318,28.3219,-0.00384531
20.3167,28.3459,28.3475,-0.00155719
20.3333,28.3709,28.3729,-0.00199456
20.35,28.3959,28.398,-0.00213568
20.3667,28.4208,28.4229,-0.00210203
20.3833,28.4441,28.4476,-0.00354904
20.4,28.4698,28.472,-0.00217424
20.4167,28.4925,28.4962,-0.00366438
20.4333,28.5167,28.5201,-0.00343434
20.45,28.5407,28.5438,-0.00311098
20.4667,28.5629,28.5672,-0.00432729
20.4833,28.5869,28.5904,-0.00348102
20.5,28.6115,28.6133,-0.00180834
20.5167,28.6327,28.636,-0.00333129
20.5333,28.6549,28.6584,-0.00350692
20.55,28.6763,28.6806,-0.00422952
20.5667,28.6988,28.7025,-0.00368163
20.5833,28.7212,28.7241,-0.00290656
20.6,28.7416,28.7456,-0.00392433
20.6167,28.7628,28.7667,-0.00388238
20.6333,28.7831,28.7876,-0.00449118
20.65,28.8044,28.8083,-0.00385483
20.6667,28.8248,28.8287,-0.00387252
20.6833,28.8462,28.8489,-0.00264732
20.7,28.8652,28.8688,-0.00362444
20.7167,28.885,28.8885,-0.00351662
20.7333,28.9053,28.908,-0.00262972
20.75,28.9242,28.9272,-0.00301883
20.7667,28.9422,28.9462,-0.00399216
20.7833,28.9614,28.9649,-0.00353225
20.8,28.981,28.9834,-0.0024721
20.8167,28.9988,29.0017,-0.00293331
20.8333,29.0166,29.0198,-0.0032375
20.85,29.0354,29.0377,-0.0023094
20.8667,29.0511,29.0553,-0.00416989
20.8833,29.0696,29.0727,-0.00313491
20.9,29.0868,29.09,-0.00311337
20.9167,29.103,29.107,-0.00392352
20.9333,29.1206,29.1238,-0.00318534
20.95,29.1369,29.1404,-0.0034685
20.9667,29.1531,29.1568,-0.00371982
20.9833,29.1711,29.1731,-0.0019755
21,29.1857,29.1891,-0.00340873
21.0167,29.2019,29.205,-0.00313964
21.0333,29.2168,29.2207,-0.00398658
21.05,29.2319,29.2363,-0.00441736
21.0667,29.2474,29.2517,-0.0042391
21.0833,29.2632,29.2669,-0.00368465
21.1,29.28,29.282,-0.0020061
21.1167,29.2936,29.2969,-0.00333393
21.1333,29.3091,29.3117,-0.00262704
21.15,29.3228,29.3264,-0.00353403
21.1667,29.3377,29.3409,-0.00317527
21.1833,29.3513,29.3553,-0.00397338
21.2,29.3664,29.3696,-0.00321604
21.2167,29.3813,29.3838,-0.00251376
21.2333,29.3941,29.3979,-0.0037542
21.25,29.4097,29.4118,-0.00217797
21.2667,29.4217,29.4257,-0.00406466
21.2833,29.4379,29.4396,-0.00167932
21.3,29.4491,29.4533,-0.00417342
21.3167,29.4632,29.467,-0.00372297
21.3333,29.4788,29.4806,-0.00178948
21.35,29.4917,29.4941,-0.00241134
21.3667,29.5056,29.5076,-0.00196944
21.3833,29.5173,29.521,-0.00371715
21.4,29.5316,29.5345,-0.00288924
21.4167,29.5459,29.5478,-0.00194162
21.4333,29.5575,29.5612,-0.00370452
21.45,29.5721,29.5746,-0.00243421
21.4667,29.5836,29.5879,-0.00425017
21.4833,29.5977,29.6012,-0.00350382
21.5,29.6122,29.6146,-0.00240126
21.5167,29.626,29.6279,-0.00194683
21.5333,29.6375,29.6413,-0.00378694
21.55,29.652,29.6547,-0.00267434
21.5667,29.6657,29.6681,-0.00240236
21.5833,29.6795,29.6816,-0.00208844
21.6,29.6936,29.6951,-0.00144365
21.6167,29.7065,29.7087,-0.00220678
21.6333,29.7203,29.7223,-0.00193912
21.65,29.7326,29.736,-0.0033687
21.6667,29.7475,29.7497,-0.00225295
21.6833,29.7621,29.7636,-0.00152494
21.7,29.7758,29.7775,-0.00176845
21.7167,29.7888,29.7915,-0.00271182
21.7333,29.8024,29.8057,-0.00322289
21.75,29.8162,29.8199,-0.00374777
21.7667,29.8331,29.8342,-0.00109277
21.7833,29.8459,29.8487,-0.00275768
21.8,29.8599,29.8633,-0.00339095
21.8167,29.8761,29.878,-0.00192152
21.8333,29.8886,29.8928,-0.00424456
21.85,29.9062,29.9078,-0.00159946
21.8667,29.9211,29.923,-0.00189426
21.8833,29.9353,29.9383,-0.00301119
21.9,29.9515,29.9537,-0.00219565
21.9167,29.9676,29.9693,-0.00172985
21.9333,29.9839,29.9851,-0.00123743
21.95,29.9997,30.0011,-0.00139735
21.9667,30.0159,30.0172,-0.00129902
21.9833,30.032,30.0335,-0.00149015
22,30.0482,30.05,-0.00181234
22.0167,30.0651,30.0667,-0.00165999
22.0333,30.0811,30.0836,-0.00247241
22.05,30.0995,30.1007,-0.00117289
22.0667,30.1164,30.118,-0.00162848
22.0833,30.1327,30.1355,-0.00278596
22.1,30.1518,30.1533,-0.00143785
22.1167,30.1688,30.1712,-0.00243444
22.1333,30.1878,30.1894,-0.00159731
22.15,30.2052,30.2078,-0.00255074
22.1667,30.2246,30.2264,-0.00175433
22.1833,30.2437,30.2452,-0.00153512
22.2,30.2623,30.2643,-0.00200592
22.2167,30.2817,30.2836,-0.00188696
22.2333,30.3021,30.3031,-0.00104323
22.25,30.3228,30.3229,-0.000175506
22.2667,30.3431,30.343,0.000155179
22.2833,30.3612,30.3632,-0.00200461
22.3,30.3828,30.3838,-0.00092022
22.3167,30.404,30.4045,-0.000533001
22.3333,30.4253,30.4255,-0.000240892
22.35,30.4454,30.4468,-0.00136168
22.3667,30.467,30.4683,-0.0013339
22.3833,30.4896,30.4901,-0.000530889
22.4,30.5125,30.5121,0.000407007
22.4167,30.5333,30.5344,-0.00108793
22.4333,30.5562,30.5569,-0.00072065
22.45,30.5786,30.5797,-0.00110945
22.4667,30.6031,30.6027,0.000395726
22.4833,30.6256,30.626,-0.000313282
22.5,30.6485,30.6495,-0.00103439
22.5167,30.6743,30.6733,0.00102662
22.5333,30.6987,30.6973,0.00137752
22.55,30.7227,30.7216,0.00116304
22.5667,30.7457,30.7461,-0.000419717
22.5833,30.7712,30.7708,0.000330134
22.6,30.7971,30.7959,0.00124237
22.6167,30.822,30.8211,0.000872228
22.6333,30.8464,30.8466,-0.000227472
22.65,30.8731,30.8723,0.000744923
22.6667,30.8995,30.8983,0.0012304
22.6833,30.9256,30.9245,0.00110644
22.7,30.9518,30.9509,0.000951079
22.7167,30.9794,30.9775,0.00185056
22.7333,31.0047,31.0044,0.000259614
22.75,31.0313,31.0315,-0.0002167
22.7667,31.0613,31.0588,0.00250094
22.7833,31.0876,31.0863,0.00128031
22.8,31.1164,31.1141,0.00235718
22.8167,31.1425,31.142,0.000468916
22.8333,31.1708,31.1701,0.000677027
22.85,31.1994,31.1985,0.000919385
22.8667,31.2288,31.227,0.00184817
22.8833,31.2568,31.2557,0.00112838
22.9,31.2875,31.2846,0.00285807
22.9167,31.3142,31.3137,0.000483839
22.9333,31.3437,31.3429,0.000784524
22.95,31.3734,31.3723,0.00105989
22.9667,31.403,31.4019,0.00113906
22.9833,31.433,31.4316,0.0013483
23,31.4624,31.4615,0.00091587
23.0167,31.4945,31.4916,0.00293363
23.0333,31.5239,31.5217,0.00220506
23.05,31.5541,31.552,0.00202273
23.0667,31.5844,31.5825,0.00196772
23.0833,31.6157,31.613,0.00262148
23.1,31.6473,31.6437,0.00359654
23.1167,31.6774,31.6745,0.00290486
23.1333,31.7081,31.7054,0.00270454
23.15,31.7394,31.7364,0.00298367
23.1667,31.77,31.7675,0.00250234
23.1833,31.8012,31.7986,0.00254175
23.2,31.8322,31.8299,0.00233005
23.2167,31.8636,31.8612,0.00242354
23.2333,31.8952,31.8926,0.00263611
23.25,31.9253,31.924,0.00125547
23.2667,31.9573,31.9555,0.00174331
23.2833,31.9889,31.9871,0.00181046
23.3,32.0217,32.0186,0.00302522
23.3167,32.0526,32.0503,0.00236623
23.3333,32.0837,32.0819,0.00180394
23.35,32.1155,32.1135,0.00196836
23.3667,32.148,32.1452,0.00275454
23.3833,32.1805,32.1769,0.00364434
23.4,32.2122,32.2085,0.00365692
23.4167,32.2435,32.2402,0.00327719
23.4333,32.275,32.2718,0.00320931
23.45,32.3073,32.3034,0.0038431
23.4667,32.3389,32.335,0.00386187
23.4833,32.3705,32.3666,0.00393593
23.5,32.3995,32.3981,0.001436
23.5167,32.4323,32.4295,0.00274299
23.5333,32.4639,32.4609,0.00304362
23.55,32.4957,32.4922,0.0035236
23.5667,32.5258,32.5235,0.00236391
23.5833,32.557,32.5547,0.00238616
23.6,32.5893,32.5857,0.00357178
23.6167,32.6192,32.6167,0.00244562
23.6333,32.6496,32.6476,0.00196084
23.65,32.6818,32.6784,0.00334332
23.6667,32.7125,32.7091,0.00332703
23.6833,32.7418,32.7397,0.00214346
23.7,32.7725,32.7702,0.00233145
23.7167,32.8032,32.8005,0.00275139
23.7333,32.8329,32.8307,0.00223713
23.75,32.8626,32.8607,0.00184366
23.7667,32.8923,32.8906,0.0016464
23.7833,32.9223,32.9204,0.00189617
23.8,32.9518,32.9499,0.00190048
23.8167,32.9811,32.9794,0.00173705
23.8333,33.0105,33.0086,0.00190607
23.85,33.04,33.0377,0.00229667
23.8667,33.0697,33.0666,0.00307465
23.8833,33.0969,33.0954,0.0014979
23.9,33.1267,33.1239,0.00282351
23.9167,33.1543,33.1523,0.00203136
23.9333,33.1819,33.1804,0.00151519
23.95,33.2096,33.2084,0.00119011
23.9667,33.2377,33.2361,0.00157379
23.9833,33.2652,33.2637,0.0015618
