time,omega_data,omega_fit,error
0.0166667,1.76141,1.71697,0.0444373
0.0333333,1.71489,1.72809,-0.0132038
0.05,1.69227,1.73893,-0.0466624
0.0666667,1.79984,1.74948,0.0503674
0.0833333,1.66522,1.75972,-0.0945041
0.1,1.83955,1.76965,0.0698995
0.116667,1.79793,1.77927,0.0186632
0.133333,1.79476,1.78856,0.00619651
0.15,1.83093,1.79752,0.0334147
0.166667,1.67896,1.80614,-0.127177
0.183333,1.84257,1.81442,0.0281582
0.2,1.83908,1.82234,0.0167391
0.216667,1.84247,1.82991,0.0125614
0.233333,1.82925,1.83711,-0.00786878
0.25,1.81923,1.84395,-0.0247192
0.266667,1.80163,1.85041,-0.0487851
0.283333,1.82115,1.8565,-0.0353508
0.3,1.97538,1.8622,0.113181
0.316667,1.76353,1.86752,-0.103982
0.333333,1.9701,1.87244,0.0976569
0.35,1.82318,1.87697,-0.0537924
0.366667,1.86684,1.8811,-0.0142598
0.383333,1.89776,1.88483,0.012932
0.4,1.8928,1.88815,0.00465092
0.416667,1.91805,1.89107,0.026982
0.433333,1.85271,1.89358,-0.0408722
0.45,1.95675,1.89568,0.0610787
0.466667,1.89342,1.89736,-0.00393493
0.483333,1.92325,1.89863,0.0246202
0.5,1.8358,1.89949,-0.0636832
0.516667,1.8043,1.89993,-0.095631
0.533333,2.00291,1.89995,0.102956
0.55,1.80982,1.89956,-0.0897435
0.566667,1.90283,1.89876,0.00407464
0.583333,1.98494,1.89753,0.0874072
0.6,1.7862,1.8959,-0.109699
0.616667,1.88117,1.89385,-0.0126863
0.633333,1.92658,1.89139,0.0351843
0.65,1.91225,1.88852,0.023726
0.666667,1.87568,1.88525,-0.00956949
0.683333,1.93699,1.88157,0.0554224
0.7,1.76996,1.87749,-0.107522
0.716667,1.90656,1.87301,0.0335584
0.733333,1.92756,1.86813,0.0594274
0.75,1.78936,1.86286,-0.0734991
0.766667,1.95456,1.85721,0.0973521
0.783333,1.7716,1.85117,-0.0795711
0.8,1.83414,1.84475,-0.0106038
0.816667,1.88642,1.83796,0.0484592
0.833333,1.79647,1.8308,-0.0343231
0.85,1.83573,1.82327,0.0124548
0.866667,1.7724,1.81539,-0.0429915
0.883333,1.7976,1.80715,-0.00955879
0.9,1.7886,1.79857,-0.00996964
0.916667,1.77308,1.78965,-0.0165788
0.933333,1.93281,1.7804,0.152404
0.95,1.70744,1.77083,-0.0633824
0.966667,1.71387,1.76093,-0.0470644
0.983333,1.8086,1.75073,0.0578698
1,1.74417,1.74022,0.00394823
1.01667,1.76096,1.72941,0.0315461
1.03333,1.69305,1.71832,-0.0252697
1.05,1.72276,1.70695,0.015811
1.06667,1.68272,1.69532,-0.0125902
1.08333,1.62591,1.68342,-0.0575102
1.1,1.81427,1.67126,0.143012
1.11667,1.52035,1.65887,-0.138521
1.13333,1.5902,1.64624,-0.0560405
1.15,1.66095,1.63339,0.027565
1.16667,1.7766,1.62032,0.156274
1.18333,1.5089,1.60705,-0.0981465
1.2,1.53357,1.59358,-0.0600191
1.21667,1.66617,1.57994,0.0862387
1.23333,1.5923,1.56611,0.0261904
1.25,1.44771,1.55213,-0.104419
1.26667,1.62513,1.53799,0.0871468
1.28333,1.46782,1.5237,-0.055885
1.3,1.53286,1.50929,0.0235733
1.31667,1.5343,1.49476,0.0395372
1.33333,1.50148,1.48012,0.021364
1.35,1.43882,1.46537,-0.0265513
1.36667,1.49144,1.45055,0.0408913
1.38333,1.41249,1.43564,-0.0231543
1.4,1.47823,1.42067,0.0575611
1.41667,1.41848,1.40565,0.0128311
1.43333,1.30443,1.39059,-0.0861591
1.45,1.35816,1.37549,-0.0173338
1.46667,1.42797,1.36038,0.0675896
1.48333,1.36153,1.34525,0.016279
1.5,1.28838,1.33013,-0.0417587
1.51667,1.3287,1.31503,0.0136711
1.53333,1.25984,1.29995,-0.0401166
1.55,1.38652,1.28491,0.101609
1.56667,1.21692,1.26992,-0.0530024
1.58333,1.23874,1.25499,-0.0162576
1.6,1.36083,1.24014,0.120694
1.61667,1.20875,1.22536,-0.0166088
1.63333,1.22053,1.21068,0.0098447
1.65,1.08519,1.19611,-0.110917
1.66667,1.21792,1.18165,0.0362748
1.68333,1.26404,1.16732,0.0967258
1.7,1.07337,1.15312,-0.0797538
1.71667,1.20808,1.13908,0.0690018
1.73333,1.0666,1.12519,-0.058591
1.75,1.11484,1.11148,0.00336069
1.76667,1.09451,1.09795,-0.00343239
1.78333,1.09735,1.0846,0.0127439
1.8,1.1139,1.07146,0.0424381
1.81667,1.02787,1.05853,-0.0306602
1.83333,1.10646,1.04581,0.0606443
1.85,0.911436,1.03333,-0.121895
1.86667,1.15685,1.02109,0.135766
1.88333,0.975795,1.00909,-0.0332997
1.9,0.967169,0.997358,-0.0301894
1.91667,1.02792,0.985889,0.0420341
1.93333,1.00687,0.974694,0.0321713
1.95,1.01552,0.963784,0.0517364
1.96667,0.865259,0.953165,-0.087906
1.98333,1.02656,0.942847,0.0837169
2,0.847664,0.932836,-0.0851723
2.01667,1.05171,0.923141,0.128571
2.03333,0.851498,0.913769,-0.0622709
2.05,0.916572,0.904726,0.0118456
2.06667,0.90045,0.89602,0.00442962
2.08333,0.932794,0.887658,0.0451361
2.1,0.789742,0.879644,-0.089902
2.11667,0.898061,0.871987,0.0260737
2.13333,0.921092,0.864691,0.0564009
2.15,0.810757,0.857762,-0.0470055
2.16667,0.881553,0.851205,0.0303474
2.18333,0.835948,0.845026,-0.00907769
2.2,0.754652,0.839228,-0.0845758
2.21667,0.94418,0.833816,0.110364
2.23333,0.85197,0.828795,0.0231749
2.25,0.763593,0.824168,-0.0605749
2.26667,0.90354,0.819938,0.0836017
2.28333,0.788999,0.816109,-0.0271105
2.3,0.787268,0.812684,-0.0254162
2.31667,0.763135,0.809665,-0.04653
2.33333,0.851426,0.807055,0.0443715
2.35,0.769186,0.804855,-0.0356687
2.36667,0.800028,0.803067,-0.00303925
2.38333,0.767913,0.801693,-0.0337801
2.4,0.88932,0.800733,0.0885869
2.41667,0.772634,0.800189,-0.0275557
2.43333,0.865588,0.800061,0.0655274
2.45,0.770102,0.800348,-0.0302466
2.46667,0.759144,0.801051,-0.0419072
2.48333,0.771317,0.802169,-0.0308515
2.5,0.773978,0.803701,-0.029723
2.51667,0.781059,0.805647,-0.0245872
2.53333,0.973878,0.808003,0.165875
2.55,0.771332,0.81077,-0.0394383
2.56667,0.774951,0.813944,-0.0389935
2.58333,0.775108,0.817524,-0.0424159
2.6,0.85227,0.821507,0.0307636
2.61667,0.870295,0.825888,0.0444061
2.63333,0.778656,0.830667,-0.0520107
2.65,0.787125,0.835838,-0.048713
2.66667,0.865116,0.841397,0.0237188
2.68333,0.898819,0.847342,0.0514775
2.7,0.782733,0.853666,-0.0709328
2.71667,0.877261,0.860365,0.0168958
2.73333,0.870838,0.867435,0.00340296
2.75,0.878477,0.87487,0.0036072
2.76667,0.804205,0.882664,-0.0784589
2.78333,0.992231,0.890811,0.10142
2.8,0.915413,0.899306,0.0161073
2.81667,0.89756,0.908141,-0.0105808
2.83333,0.797167,0.91731,-0.120143
2.85,0.960989,0.926807,0.0341821
2.86667,0.887647,0.936623,-0.0489767
2.88333,1.04603,0.946752,0.0992804
2.9,0.920441,0.957187,-0.0367454
2.91667,0.911715,0.967918,-0.0562025
2.93333,1.03539,0.978937,0.0564525
2.95,1.04936,0.990238,0.0591209
2.96667,0.978785,1.00181,-0.0230259
2.98333,0.893133,1.01365,-0.120514
3,1.15628,1.02574,0.130539
3.01667,1.0357,1.03807,-0.00236711
3.03333,0.992203,1.05064,-0.0584401
3.05,0.939682,1.06344,-0.123759
3.06667,1.16051,1.07645,0.0840549
3.08333,1.10531,1.08968,0.0156376
3.1,1.14942,1.10309,0.0463224
3.11667,0.976374,1.1167,-0.140324
3.13333,1.22686,1.13048,0.0963775
3.15,1.12619,1.14443,-0.0182346
3.16667,1.09488,1.15853,-0.0636509
3.18333,1.25043,1.17278,0.0776556
3.2,1.16499,1.18716,-0.0221701
3.21667,1.21347,1.20166,0.0118127
3.23333,1.21541,1.21628,-0.000865494
3.25,1.22317,1.231,-0.00782266
3.26667,1.25452,1.2458,0.00871932
3.28333,1.20463,1.26069,-0.0560562
3.3,1.23271,1.27564,-0.0429293
3.31667,1.39215,1.29065,0.101498
3.33333,1.20856,1.30571,-0.0971489
3.35,1.39627,1.3208,0.0754741
3.36667,1.22116,1.33591,-0.114746
3.38333,1.37299,1.35103,0.0219604
3.4,1.36068,1.36615,-0.00546982
3.41667,1.38187,1.38126,0.000607591
3.43333,1.40861,1.39634,0.0122662
3.45,1.38232,1.41139,-0.0290693
3.46667,1.37808,1.4264,-0.0483142
3.48333,1.42175,1.44134,-0.0195935
3.5,1.44284,1.45622,-0.0133773
3.51667,1.5748,1.47102,0.103784
3.53333,1.448,1.48572,-0.0377215
3.55,1.45857,1.50032,-0.0417523
3.56667,1.45451,1.51481,-0.0603035
3.58333,1.64683,1.52918,0.11765
3.6,1.44044,1.5434,-0.102965
3.61667,1.55784,1.55749,0.000354491
3.63333,1.59981,1.57141,0.0284002
3.65,1.64263,1.58517,0.0574644
3.66667,1.58491,1.59875,-0.0138442
3.68333,1.58472,1.61214,-0.0274224
3.7,1.55724,1.62534,-0.0681002
3.71667,1.71552,1.63832,0.0772
3.73333,1.62513,1.65109,-0.0259656
3.75,1.67911,1.66363,0.0154745
3.76667,1.6389,1.67593,-0.0370297
3.78333,1.72629,1.68799,0.0382999
3.8,1.65902,1.69979,-0.0407676
3.81667,1.76795,1.71133,0.0566219
3.83333,1.7153,1.72259,-0.00728808
3.85,1.6535,1.73357,-0.0800788
3.86667,1.85797,1.74427,0.113707
3.88333,1.7145,1.75466,-0.040164
3.9,1.64342,1.76475,-0.12133
3.91667,1.91373,1.77452,0.139205
3.93333,1.79205,1.78398,0.00807551
3.95,1.77484,1.7931,-0.0182624
3.96667,1.76725,1.80189,-0.0346451
3.98333,1.82551,1.81034,0.0151728
4,1.81669,1.81844,-0.00174872
4.01667,1.82279,1.82619,-0.0033958
4.03333,1.80875,1.83357,-0.0248263
4.05,1.9062,1.84059,0.0656065
4.06667,1.78792,1.84724,-0.0593216
4.08333,1.85998,1.85352,0.00646285
4.1,1.88617,1.85941,0.0267533
4.11667,1.77325,1.86492,-0.0916687
4.13333,1.97424,1.87004,0.104204
4.15,1.84322,1.87476,-0.0315477
4.16667,1.90221,1.87909,0.0231203
4.18333,1.94166,1.88302,0.0586427
4.2,1.76689,1.88655,-0.119657
4.21667,1.90614,1.88967,0.0164718
4.23333,1.92821,1.89238,0.0358303
4.25,1.90285,1.89468,0.00816607
4.26667,1.90541,1.89657,0.00883868
4.28333,1.9578,1.89805,0.05975
4.3,1.91704,1.89911,0.0179231
4.31667,1.78902,1.89976,-0.110736
4.33333,1.95424,1.89999,0.0542444
4.35,1.91203,1.89981,0.0122201
4.36667,1.80206,1.89921,-0.0971446
4.38333,1.99633,1.89819,0.098139
4.4,1.87057,1.89677,-0.0261997
4.41667,2.00099,1.89492,0.106068
4.43333,1.88689,1.89267,-0.00577851
4.45,1.76639,1.89,-0.123615
4.46667,1.90722,1.88693,0.0202907
4.48333,1.95676,1.88345,0.0733066
4.5,1.82973,1.87957,-0.049835
4.51667,1.90193,1.87529,0.0266421
4.53333,1.85965,1.87061,-0.0109585
4.55,1.89977,1.86553,0.0342338
4.56667,1.83966,1.86007,-0.0204094
4.58333,1.88342,1.85422,0.0292025
4.6,1.86417,1.84799,0.0161851
4.61667,1.81142,1.84138,-0.0299655
4.63333,1.84924,1.8344,0.0148354
4.65,1.83441,1.82706,0.00734898
4.66667,1.86513,1.81936,0.0457779
4.68333,1.80394,1.8113,-0.00735588
4.7,1.82683,1.80289,0.0239482
4.71667,1.72617,1.79414,-0.0679623
4.73333,1.78565,1.78505,0.000598148
4.75,1.83005,1.77563,0.0544206
4.76667,1.76445,1.7659,-0.00144863
4.78333,1.7596,1.75584,0.00376112
4.8,1.681,1.74548,-0.064483
4.81667,1.78236,1.73483,0.0475337
4.83333,1.76285,1.72388,0.0389703
4.85,1.7201,1.71265,0.00745099
4.86667,1.69016,1.70114,-0.010984
4.88333,1.65789,1.68937,-0.031478
4.9,1.72011,1.67734,0.0427698
4.91667,1.60061,1.66507,-0.06446
4.93333,1.72804,1.65255,0.0754905
4.95,1.56037,1.63981,-0.0794448
4.96667,1.71543,1.62685,0.0885838
4.98333,1.53302,1.61368,-0.0806573
5,1.719,1.60031,0.118693
5.01667,1.49304,1.58675,-0.0937111
5.03333,1.68489,1.57301,0.111873
5.05,1.46145,1.55911,-0.0976521
5.06667,1.64782,1.54504,0.10278
5.08333,1.50105,1.53083,-0.0297785
5.1,1.52396,1.51648,0.00748002
5.11667,1.4882,1.502,-0.0138008
5.13333,1.48318,1.48742,-0.00423941
5.15,1.50079,1.47272,0.0280709
5.16667,1.54698,1.45794,0.0890485
5.18333,1.35653,1.44307,-0.0865348
5.2,1.47727,1.42813,0.0491458
5.21667,1.35938,1.41313,-0.0537525
5.23333,1.37136,1.39809,-0.0267269
5.25,1.38765,1.38301,0.00464087
5.26667,1.38197,1.3679,0.0140752
5.28333,1.37683,1.35278,0.0240524
5.3,1.40324,1.33766,0.0655815
5.31667,1.24228,1.32254,-0.0802599
5.33333,1.41284,1.30745,0.105385
5.35,1.30407,1.29239,0.0116753
5.36667,1.24682,1.27738,-0.0305578
5.38333,1.23075,1.26242,-0.0316684
5.4,1.27119,1.24752,0.023667
5.41667,1.15481,1.2327,-0.0778949
5.43333,1.35254,1.21798,0.134566
5.45,1.20883,1.20335,0.00548584
5.46667,1.13398,1.18883,-0.0548477
5.48333,1.22024,1.17443,0.0458081
5.5,1.0722,1.16017,-0.0879722
5.51667,1.24269,1.14605,0.0966359
5.53333,1.05835,1.13208,-0.0737343
5.55,1.1384,1.11828,0.0201179
5.56667,1.16212,1.10466,0.0574613
5.58333,1.07357,1.09122,-0.0176474
5.6,1.05729,1.07797,-0.0206822
5.61667,1.08534,1.06493,0.0204087
5.63333,1.07207,1.05211,0.0199567
5.65,0.973749,1.03951,-0.0657645
5.66667,1.05686,1.02715,0.0297113
5.68333,1.06416,1.01503,0.0491258
5.7,0.98249,1.00317,-0.0206764
5.71667,0.97621,0.991563,-0.0153529
5.73333,1.06728,0.98023,0.0870458
5.75,0.930691,0.969177,-0.0384866
5.76667,0.991588,0.958413,0.0331751
5.78333,0.935183,0.947944,-0.0127612
5.8,0.998726,0.937779,0.0609469
5.81667,0.932236,0.927926,0.0043098
5.83333,0.888548,0.918392,-0.0298441
5.85,0.914927,0.909184,0.00574212
5.86667,0.882053,0.90031,-0.0182568
5.88333,0.864801,0.891776,-0.0269745
5.9,0.89138,0.883588,0.0077922
5.91667,0.829668,0.875753,-0.046085
5.93333,0.900278,0.868276,0.0320016
5.95,0.880294,0.861164,0.0191297
5.96667,0.862041,0.854422,0.007619
5.98333,0.826535,0.848054,-0.0215183
6,0.867105,0.842065,0.0250394
6.01667,0.776353,0.836461,-0.0601079
6.03333,0.80296,0.831245,-0.0282843
6.05,0.963278,0.826421,0.136857
6.06667,0.779371,0.821993,-0.0426217
6.08333,0.799026,0.817964,-0.0189377
6.1,0.774379,0.814338,-0.039959
6.11667,0.79874,0.811116,-0.012376
6.13333,0.869708,0.808302,0.0614056
6.15,0.781574,0.805898,-0.0243238
6.16667,0.769,0.803905,-0.0349051
6.18333,0.891795,0.802325,0.0894701
6.2,0.770402,0.801159,-0.0307572
6.21667,0.711994,0.800408,-0.088414
6.23333,0.926399,0.800073,0.126326
6.25,0.740819,0.800153,-0.0593342
6.26667,0.708089,0.800649,-0.0925604
6.28333,0.869193,0.801561,0.0676323
6.3,0.735641,0.802887,-0.0672465
6.31667,0.828252,0.804627,0.0236249
6.33333,0.9377,0.806779,0.130921
6.35,0.688477,0.809342,-0.120866
6.36667,0.87254,0.812314,0.0602266
6.38333,0.818954,0.815692,0.00326128
6.4,0.736098,0.819475,-0.0833763
6.41667,0.807481,0.823658,-0.0161772
6.43333,0.880594,0.828239,0.0523548
6.45,0.78126,0.833215,-0.0519559
6.46667,0.864558,0.838582,0.0259761
6.48333,0.808854,0.844336,-0.0354814
6.5,0.845075,0.850471,-0.00539663
6.51667,0.833373,0.856985,-0.0236117
6.53333,0.95192,0.863871,0.0880486
6.55,0.866904,0.871125,-0.00422048
6.56667,0.812459,0.878741,-0.0662816
6.58333,0.939074,0.886713,0.0523607
6.6,0.819068,0.895035,-0.0759674
6.61667,0.969272,0.903702,0.0655698
6.63333,0.832458,0.912706,-0.0802483
6.65,0.960045,0.92204,0.0380044
6.66667,0.910649,0.931699,-0.0210493
6.68333,0.967355,0.941673,0.0256817
6.7,0.980558,0.951956,0.028602
6.71667,0.910868,0.962541,-0.0516729
6.73333,0.951591,0.973418,-0.0218272
6.75,0.974379,0.98458,-0.0102011
6.76667,0.97538,0.996018,-0.020638
6.78333,0.909848,1.00772,-0.0978756
6.8,1.08514,1.01969,0.0654546
6.81667,0.978155,1.0319,-0.0537478
6.83333,1.08783,1.04436,0.0434745
6.85,1.0104,1.05704,-0.0466451
6.86667,1.08925,1.06995,0.019297
6.88333,1.11657,1.08307,0.0335005
6.9,1.07809,1.09639,-0.0183015
6.91667,1.13533,1.10991,0.0254203
6.93333,1.12049,1.1236,-0.00310862
6.95,1.12926,1.13747,-0.00820529
6.96667,1.11754,1.15149,-0.0339476
6.98333,1.1282,1.16567,-0.0374668
7,1.1261,1.17998,-0.0538856
7.01667,1.18498,1.19443,-0.0094502
7.03333,1.2821,1.20899,0.0731051
7.05,1.1768,1.22366,-0.0468636
7.06667,1.13045,1.23842,-0.107976
7.08333,1.38801,1.25327,0.134738
7.1,1.20628,1.26819,-0.0619155
7.11667,1.34565,1.28318,0.0624755
7.13333,1.21523,1.29821,-0.0829785
7.15,1.22279,1.31329,-0.0904988
7.16667,1.33,1.32839,0.0016169
7.18333,1.31382,1.3435,-0.0296797
7.2,1.40234,1.35863,0.0437179
7.21667,1.36571,1.37374,-0.00803351
7.23333,1.4563,1.38884,0.0674628
7.25,1.35389,1.40391,-0.0500162
7.26667,1.37278,1.41894,-0.0461614
7.28333,1.36332,1.43391,-0.0705929
7.3,1.4732,1.44883,0.0243722
7.31667,1.42995,1.46366,-0.0337098
7.33333,1.45879,1.47842,-0.0196225
7.35,1.53843,1.49307,0.0453594
7.36667,1.54613,1.50762,0.038509
7.38333,1.454,1.52204,-0.0680434
7.4,1.539,1.53634,0.0026603
7.41667,1.56102,1.5505,0.0105194
7.43333,1.6033,1.5645,0.0388004
7.45,1.5087,1.57835,-0.069642
7.46667,1.58538,1.59202,-0.00663669
7.48333,1.64851,1.6055,0.0430047
7.5,1.58273,1.6188,-0.0360642
7.51667,1.57928,1.63189,-0.0526025
7.53333,1.72288,1.64476,0.0781146
7.55,1.59389,1.65742,-0.0635294
7.56667,1.63493,1.66984,-0.0349104
7.58333,1.65544,1.68202,-0.0265846
7.6,1.7894,1.69395,0.0954461
7.61667,1.63515,1.70562,-0.0704755
7.63333,1.73192,1.71702,0.014898
7.65,1.72666,1.72815,-0.00148945
7.66667,1.72186,1.73898,-0.0171189
7.68333,1.84081,1.74953,0.0912849
7.7,1.68325,1.75977,-0.0765128
7.71667,1.80124,1.7697,0.0315445
7.73333,1.8189,1.77931,0.0395901
7.75,1.79564,1.7886,0.00704058
7.76667,1.77962,1.79756,-0.017939
7.78333,1.74472,1.80618,-0.0614558
7.8,1.78206,1.81445,-0.032394
7.81667,1.83442,1.82238,0.0120464
7.83333,1.86582,1.82994,0.0358727
7.85,1.8366,1.83715,-0.000548912
7.86667,1.89605,1.84398,0.052068
7.88333,1.79639,1.85044,-0.0540574
7.9,1.92412,1.85653,0.0675897
7.91667,1.77326,1.86223,-0.0889652
7.93333,1.80556,1.86754,-0.0619845
7.95,1.99255,1.87246,0.12009
7.96667,1.78731,1.87699,-0.0896792
7.98333,1.90847,1.88112,0.0273568
8,1.96714,1.88484,0.0822952
8.01667,1.92031,1.88817,0.032145
8.03333,1.74517,1.89108,-0.145915
8.05,1.94312,1.89359,0.0495325
8.06667,1.97986,1.89568,0.0841726
8.08333,1.83499,1.89737,-0.0623783
8.1,1.90984,1.89864,0.0112042
8.11667,1.88995,1.89949,-0.00954137
8.13333,1.89866,1.89993,-0.00127198
8.15,1.88233,1.89995,-0.0176172
8.16667,1.95352,1.89956,0.0539578
8.18333,1.95224,1.89875,0.0534857
8.2,1.81539,1.89753,-0.0821411
8.21667,1.95776,1.89589,0.0618641
8.23333,1.92465,1.89384,0.0308118
8.25,1.92931,1.89138,0.0379326
8.26667,1.85861,1.88851,-0.0298966
8.28333,1.85155,1.88523,-0.0336859
8.3,1.93392,1.88155,0.0523686
8.31667,1.86653,1.87747,-0.0109317
8.33333,1.87408,1.87298,0.00109699
8.35,1.85915,1.86811,-0.00895942
8.36667,1.9029,1.86284,0.0400662
8.38333,1.87382,1.85718,0.0166415
8.4,1.89843,1.85114,0.0472944
8.41667,1.84359,1.84472,-0.00112967
8.43333,1.80743,1.83792,-0.0304955
8.45,1.7779,1.83076,-0.0528602
8.46667,1.94076,1.82323,0.11753
8.48333,1.76444,1.81535,-0.0509127
8.5,1.84666,1.80711,0.0395419
8.51667,1.71515,1.79853,-0.08338
8.53333,1.87133,1.78961,0.0817132
8.55,1.83586,1.78036,0.0555047
8.56667,1.76441,1.77078,-0.00637457
8.58333,1.78298,1.76088,0.0220998
8.6,1.66127,1.75068,-0.0894086
8.61667,1.81179,1.74017,0.0716239
8.63333,1.77523,1.72936,0.0458633
8.65,1.63773,1.71827,-0.0805367
8.66667,1.75434,1.7069,0.0474422
8.68333,1.66563,1.69526,-0.0296258
8.7,1.76746,1.68336,0.0841011
8.71667,1.68934,1.67121,0.0181333
8.73333,1.61985,1.65881,-0.0389574
8.75,1.61239,1.64618,-0.0337889
8.76667,1.71697,1.63333,0.0836465
8.78333,1.62303,1.62026,0.00277327
8.8,1.64912,1.60699,0.0421323
8.81667,1.5716,1.59352,-0.0219191
8.83333,1.57197,1.57987,-0.00789954
8.85,1.5591,1.56605,-0.00695006
8.86667,1.6077,1.55206,0.0556372
8.88333,1.53588,1.53792,-0.00204146
8.9,1.48486,1.52364,-0.0387802
8.91667,1.58616,1.50922,0.0769385
8.93333,1.49891,1.49469,0.00422195
8.95,1.47219,1.48005,-0.00786033
8.96667,1.55471,1.4653,0.0894056
8.98333,1.38083,1.45048,-0.0696479
9,1.42641,1.43557,-0.00916175
9.01667,1.38815,1.4206,-0.0324514
9.03333,1.50266,1.40558,0.0970802
9.05,1.45598,1.39051,0.0654637
9.06667,1.28269,1.37542,-0.092726
9.08333,1.35632,1.3603,-0.00398658
9.1,1.37528,1.34518,0.0300936
9.11667,1.35755,1.33006,0.0274846
9.13333,1.27489,1.31496,-0.0400739
9.15,1.43766,1.29988,0.137774
9.16667,1.26717,1.28484,-0.0176753
9.18333,1.25673,1.26985,-0.0131211
9.2,1.26405,1.25492,0.00912524
9.21667,1.25187,1.24007,0.0118054
9.23333,1.2502,1.22529,0.0249023
9.25,1.23612,1.21061,0.0255059
9.26667,1.08377,1.19604,-0.112273
9.28333,1.2331,1.18158,0.0515201
9.3,1.20287,1.16725,0.035617
9.31667,1.21572,1.15306,0.0626626
9.33333,1.08906,1.13901,-0.0499548
9.35,1.06901,1.12513,-0.0561194
9.36667,1.1897,1.11142,0.0782797
9.38333,1.07403,1.09788,-0.0238542
9.4,1.20505,1.08454,0.120509
9.41667,0.96365,1.0714,-0.107747
9.43333,1.0868,1.05847,0.0283299
9.45,1.05039,1.04575,0.00463452
9.46667,1.06775,1.03327,0.0344749
9.48333,0.928438,1.02103,-0.0925939
9.5,1.09785,1.00904,0.0888144
9.51667,1.02104,0.997304,0.0237382
9.53333,0.940468,0.985835,-0.045367
9.55,1.00492,0.974642,0.0302777
9.56667,0.882211,0.963733,-0.0815224
9.58333,1.02688,0.953116,0.0737623
9.6,0.968528,0.942799,0.0257288
9.61667,0.91464,0.93279,-0.0181495
9.63333,0.845032,0.923096,-0.0780645
9.65,1.01031,0.913725,0.0965877
9.66667,0.871539,0.904684,-0.0331452
9.68333,0.990393,0.89598,0.0944131
9.7,0.852942,0.887619,-0.0346766
9.71667,0.809877,0.879608,-0.0697308
9.73333,0.849395,0.871952,-0.0225572
9.75,0.983098,0.864658,0.11844
9.76667,0.808954,0.85773,-0.0487763
9.78333,0.858886,0.851175,0.00771079
9.8,0.833566,0.844998,-0.0114314
9.81667,0.79879,0.839202,-0.0404111
9.83333,0.822015,0.833792,-0.0117769
9.85,0.868449,0.828772,0.039677
9.86667,0.822258,0.824147,-0.00188881
9.88333,0.775609,0.819919,-0.04431
9.9,0.854023,0.816092,0.0379305
9.91667,0.827787,0.812669,0.0151182
9.93333,0.78131,0.809652,-0.0283421
9.95,0.836313,0.807043,0.0292695
9.96667,0.793798,0.804845,-0.0110474
9.98333,0.8374,0.80306,0.0343403
10,0.797017,0.801688,-0.0046709
10.0167,0.836978,0.80073,0.036248
10.0333,0.797782,0.800188,-0.00240574
10.05,0.693963,0.800061,-0.106099
10.0667,0.816851,0.80035,0.0165002
10.0833,0.804985,0.801055,0.00392927
10.1,0.868077,0.802175,0.065902
10.1167,0.800743,0.803709,-0.0029663
10.1333,0.849509,0.805657,0.0438526
10.15,0.775452,0.808015,-0.0325638
10.1667,0.823545,0.810784,0.0127614
10.1833,0.703504,0.81396,-0.110456
10.2,0.817416,0.817542,-0.000126241
10.2167,0.814598,0.821526,-0.00692857
10.2333,0.847614,0.82591,0.0217038
10.25,0.805392,0.83069,-0.0252978
10.2667,0.834932,0.835863,-0.000930472
10.2833,0.820634,0.841424,-0.0207899
10.3,0.869644,0.84737,0.0222734
10.3167,0.834081,0.853696,-0.0196152
10.3333,0.865052,0.860398,0.00465402
10.35,0.851891,0.867469,-0.0155782
10.3667,0.971704,0.874906,0.0967979
10.3833,0.806401,0.882701,-0.0763005
10.4,0.905142,0.89085,0.0142916
10.4167,0.850167,0.899346,-0.0491791
10.4333,0.897017,0.908183,-0.0111667
10.45,0.958385,0.917354,0.0410313
10.4667,0.953565,0.926852,0.0267124
10.4833,0.812466,0.93667,-0.124204
10.5,1.03995,0.946801,0.0931525
10.5167,0.88387,0.957236,-0.0733661
10.5333,0.937929,0.967969,-0.0300394
10.55,1.01249,0.97899,0.0334976
10.5667,0.946741,0.990292,-0.0435505
10.5833,1.09437,1.00187,0.0925045
10.6,0.918002,1.0137,-0.0957003
10.6167,0.996709,1.02579,-0.0290849
10.6333,1.06055,1.03813,0.0224224
10.65,0.956068,1.0507,-0.0946344
10.6667,1.13435,1.0635,0.0708517
10.6833,1.04018,1.07652,-0.0363341
10.7,1.0755,1.08974,-0.0142368
10.7167,1.08413,1.10316,-0.0190296
10.7333,1.13219,1.11676,0.0154301
10.75,1.11138,1.13054,-0.0191656
10.7667,1.13993,1.14449,-0.00456038
10.7833,1.16248,1.1586,0.00388132
10.8,1.16148,1.17284,-0.0113679
10.8167,1.14717,1.18722,-0.0400549
10.8333,1.1595,1.20173,-0.0422288
10.85,1.27439,1.21635,0.0580385
10.8667,1.22904,1.23107,-0.00202687
10.8833,1.2533,1.24587,0.00742653
10.9,1.14932,1.26076,-0.111444
10.9167,1.28383,1.27571,0.0081125
10.9333,1.34478,1.29072,0.0540561
10.95,1.23236,1.30578,-0.0734231
10.9667,1.36374,1.32087,0.0428663
10.9833,1.27871,1.33598,-0.0572742
11,1.36568,1.3511,0.0145795
11.0167,1.28903,1.36622,-0.0771879
11.0333,1.51206,1.38133,0.130735
11.05,1.34902,1.39641,-0.0473997
11.0667,1.39612,1.41146,-0.0153426
11.0833,1.35575,1.42647,-0.0707148
11.1,1.40579,1.44141,-0.0356209
11.1167,1.50504,1.45629,0.0487517
11.1333,1.45486,1.47109,-0.0162266
11.15,1.45018,1.48579,-0.0356087
11.1667,1.51271,1.50039,0.0123172
11.1833,1.55967,1.51488,0.0447928
11.2,1.41136,1.52924,-0.117886
11.2167,1.54421,1.54347,0.000737622
11.2333,1.54281,1.55755,-0.0147459
11.25,1.58163,1.57148,0.0101534
11.2667,1.51234,1.58523,-0.0728979
11.2833,1.65423,1.59881,0.0554151
11.3,1.66071,1.61221,0.048504
11.3167,1.49976,1.6254,-0.125636
11.3333,1.63884,1.63838,0.000453382
11.35,1.61304,1.65115,-0.0381056
11.3667,1.62911,1.66369,-0.0345802
11.3833,1.79204,1.67599,0.116053
11.4,1.63249,1.68805,-0.0555581
11.4167,1.63566,1.69985,-0.0641862
11.4333,1.77946,1.71138,0.0680733
11.45,1.60502,1.72265,-0.117626
11.4667,1.82683,1.73363,0.0932089
11.4833,1.79625,1.74432,0.0519341
11.5,1.6362,1.75471,-0.118504
11.5167,1.86078,1.7648,0.0959855
11.5333,1.66788,1.77457,-0.106692
11.55,1.76979,1.78402,-0.014234
11.5667,1.72859,1.79314,-0.0645565
11.5833,1.89135,1.80193,0.0894184
11.6,1.76325,1.81038,-0.0471309
11.6167,1.87692,1.81848,0.0584386
11.6333,1.7824,1.82622,-0.04382
11.65,1.8441,1.83361,0.0104932
11.6667,1.92231,1.84063,0.0816802
11.6833,1.80625,1.84727,-0.0410253
11.7,1.77651,1.85355,-0.0770378
11.7167,1.84766,1.85944,-0.0117757
11.7333,1.88348,1.86494,0.018538
11.75,1.81918,1.87006,-0.0508805
11.7667,1.90792,1.87479,0.0331304
11.7833,1.86956,1.87911,-0.00954868
11.8,1.97348,1.88304,0.0904367
11.8167,1.74497,1.88656,-0.141597
11.8333,1.83775,1.88968,-0.0519326
11.85,1.94962,1.89239,0.0572231
11.8667,1.94192,1.89469,0.0472267
11.8833,1.94103,1.89658,0.0444514
11.9,1.85672,1.89806,-0.0413381
11.9167,1.87823,1.89912,-0.020884
11.9333,1.97033,1.89976,0.0705667
11.95,1.76632,1.89999,-0.133669
11.9667,1.89219,1.89981,-0.00761206
11.9833,2.02267,1.89921,0.123466
12,1.83652,1.89819,-0.0616693
12.0167,1.9467,1.89676,0.0499398
12.0333,1.91532,1.89491,0.0204061
12.05,1.88482,1.89266,-0.00783583
12.0667,1.93964,1.88999,0.0496553
12.0833,1.81616,1.88691,-0.0707585
12.1,1.87021,1.88343,-0.0132184
12.1167,1.97699,1.87955,0.0974392
12.1333,1.80666,1.87526,-0.0685999
12.15,1.98819,1.87058,0.117607
12.1667,1.7858,1.86551,-0.0797067
12.1833,1.87682,1.86004,0.0167818
12.2,1.80586,1.85419,-0.0483351
12.2167,1.87421,1.84796,0.0262538
12.2333,1.81455,1.84135,-0.0268044
12.25,1.87431,1.83437,0.0399352
12.2667,1.77962,1.82702,-0.0474043
12.2833,1.94975,1.81932,0.130433
12.3,1.78796,1.81126,-0.023296
12.3167,1.7943,1.80285,-0.00854139
12.3333,1.7958,1.79409,0.00170619
12.35,1.81552,1.78501,0.0305142
12.3667,1.81657,1.77559,0.040983
12.3833,1.72039,1.76585,-0.0454583
12.4,1.83018,1.7558,0.0743869
12.4167,1.71757,1.74543,-0.0278698
12.4333,1.74873,1.73478,0.0139531
12.45,1.80227,1.72383,0.0784473
12.4667,1.56662,1.71259,-0.145968
12.4833,1.76186,1.70109,0.0607751
12.5,1.73434,1.68931,0.0450244
12.5167,1.70536,1.67728,0.0280711
12.5333,1.63355,1.66501,-0.0314571
12.55,1.61434,1.65249,-0.0381544
12.5667,1.77488,1.63975,0.135131
12.5833,1.55932,1.62679,-0.0674665
12.6,1.64744,1.61362,0.033828
12.6167,1.70183,1.60025,0.101587
12.6333,1.54118,1.58669,-0.0455068
12.65,1.56552,1.57295,-0.0074313
12.6667,1.5452,1.55904,-0.0138371
12.6833,1.59259,1.54497,0.0476176
12.7,1.54195,1.53076,0.0111904
12.7167,1.57932,1.51641,0.0629085
12.7333,1.4933,1.50194,-0.00863999
12.75,1.47176,1.48735,-0.0155826
12.7667,1.42378,1.47265,-0.0488715
12.7833,1.52028,1.45787,0.0624176
12.8,1.39917,1.443,-0.0438248
12.8167,1.57145,1.42806,0.143394
12.8333,1.26308,1.41306,-0.149977
12.85,1.51183,1.39802,0.113816
12.8667,1.38146,1.38293,-0.0014788
12.8833,1.3705,1.36783,0.00266989
12.9,1.34568,1.35271,-0.00702961
12.9167,1.37528,1.33759,0.0376985
12.9333,1.24765,1.32247,-0.0748192
12.95,1.3462,1.30738,0.0388204
12.9667,1.34854,1.29232,0.0562151
12.9833,1.35522,1.27731,0.0779132
13,1.1718,1.26235,-0.0905426
13.0167,1.34875,1.24745,0.101294
13.0333,1.14772,1.23263,-0.0849173
13.05,1.23278,1.21791,0.0148727
13.0667,1.32317,1.20328,0.119895
13.0833,1.11766,1.18876,-0.0711038
13.1,1.15832,1.17437,-0.0160407
13.1167,1.27871,1.1601,0.118604
13.1333,1.11219,1.14598,-0.0337957
13.15,1.12145,1.13202,-0.0105648
13.1667,1.12441,1.11822,0.00618918
13.1833,1.1121,1.10459,0.0075061
13.2,1.09358,1.09115,0.00242099
13.2167,1.09935,1.07791,0.0214356
13.2333,1.09288,1.06487,0.0280051
13.25,1.08984,1.05205,0.0377909
13.2667,0.940473,1.03946,-0.0989823
13.2833,1.09523,1.02709,0.0681366
13.3,0.959783,1.01498,-0.0551927
13.3167,1.09431,1.00311,0.0912038
13.3333,0.986952,0.991509,-0.00455655
13.35,0.945916,0.980178,-0.0342621
13.3667,1.09374,0.969126,0.124618
13.3833,0.93463,0.958363,-0.0237324
13.4,1.00729,0.947895,0.0593987
13.4167,0.940716,0.937732,0.00298442
13.4333,0.839166,0.92788,-0.0887147
13.45,0.945431,0.918348,0.0270833
13.4667,0.967681,0.909142,0.0585391
13.4833,0.822982,0.900269,-0.0772871
13.5,0.964866,0.891737,0.073129
13.5167,0.852418,0.883551,-0.0311329
13.5333,0.957241,0.875717,0.081524
13.55,0.796682,0.868242,-0.07156
13.5667,0.849596,0.861132,-0.0115357
13.5833,0.889532,0.854391,0.0351415
13.6,0.80683,0.848025,-0.0411946
13.6167,0.858904,0.842038,0.0168662
13.6333,0.866541,0.836435,0.0301059
13.65,0.815325,0.831221,-0.0158958
13.6667,0.861581,0.826399,0.0351818
13.6833,0.864928,0.821973,0.0429553
13.7,0.72547,0.817946,-0.0924767
13.7167,0.872378,0.814322,0.058056
13.7333,0.748871,0.811102,-0.0622313
13.75,0.860683,0.80829,0.0523931
13.7667,0.784146,0.805888,-0.0217422
13.7833,0.849048,0.803897,0.0451512
13.8,0.741127,0.802319,-0.0611921
13.8167,0.885175,0.801155,0.0840209
13.8333,0.794025,0.800406,-0.00638054
13.85,0.720552,0.800072,-0.0795199
13.8667,0.916309,0.800154,0.116154
13.8833,0.806816,0.800653,0.00616303
13.9,0.780841,0.801566,-0.020725
13.9167,0.739766,0.802894,-0.0631284
13.9333,0.76296,0.804636,-0.0416763
13.95,0.799599,0.80679,-0.00719152
13.9667,0.799491,0.809355,-0.00986371
13.9833,0.806837,0.812329,-0.00549173
14,0.850768,0.815709,0.035059
14.0167,0.808911,0.819493,-0.010582
14.0333,0.816379,0.823679,-0.00730003
14.05,0.886617,0.828262,0.0583548
14.0667,0.750718,0.83324,-0.0825216
14.0833,0.872705,0.838608,0.0340967
14.1,0.893784,0.844363,0.0494201
14.1167,0.875051,0.850501,0.02455
14.1333,0.869486,0.857016,0.0124701
14.15,0.84682,0.863904,-0.0170843
14.1667,0.887375,0.87116,0.0162152
14.1833,0.76281,0.878777,-0.115968
14.2,0.914505,0.886751,0.0277535
14.2167,0.931352,0.895075,0.0362772
14.2333,0.90521,0.903743,0.00146646
14.25,0.885887,0.912749,-0.0268617
14.2667,0.83779,0.922085,-0.0842952
14.2833,1.04207,0.931745,0.110326
14.3,0.863854,0.941721,-0.077867
14.3167,0.971289,0.952005,0.0192833
14.3333,0.912849,0.962591,-0.0497422
14.35,1.02269,0.973469,0.0492246
14.3667,0.998354,0.984633,0.0137212
14.3833,0.913067,0.996072,-0.0830054
14.4,1.00861,1.00778,0.000831357
14.4167,1.03732,1.01975,0.0175723
14.4333,1.02075,1.03196,-0.0112158
14.45,1.07197,1.04442,0.0275547
14.4667,1.05379,1.0571,-0.00331424
14.4833,1.09825,1.07001,0.0282339
14.5,0.962877,1.08313,-0.120256
14.5167,1.15374,1.09646,0.0572881
14.5333,1.09504,1.10997,-0.0149268
14.55,1.13561,1.12366,0.0119472
14.5667,1.10096,1.13753,-0.0365663
14.5833,1.21514,1.15156,0.0635828
14.6,1.03324,1.16574,-0.132491
14.6167,1.20879,1.18005,0.0287376
14.6333,1.18259,1.1945,-0.0119073
14.65,1.1546,1.20906,-0.0544579
14.6667,1.30808,1.22373,0.0843525
14.6833,1.13255,1.23849,-0.105943
14.7,1.28213,1.25334,0.0287893
14.7167,1.28556,1.26826,0.0173004
14.7333,1.27836,1.28325,-0.00488622
14.75,1.24434,1.29828,-0.0539382
14.7667,1.27836,1.31336,-0.0349942
14.7833,1.37069,1.32846,0.0422297
14.8,1.40785,1.34358,0.0642697
14.8167,1.24183,1.3587,-0.116871
14.8333,1.38529,1.37381,0.0114721
14.85,1.35718,1.38891,-0.0317354
14.8667,1.45221,1.40398,0.048225
14.8833,1.36939,1.41901,-0.049615
14.9,1.41904,1.43398,-0.0149447
14.9167,1.45692,1.4489,0.00802319
14.9333,1.50185,1.46373,0.0381182
14.95,1.34228,1.47848,-0.136207
14.9667,1.51484,1.49314,0.0217017
14.9833,1.48903,1.50768,-0.0186579
15,1.57692,1.52211,0.0548131
15.0167,1.43247,1.53641,-0.103937
15.0333,1.65584,1.55056,0.105275
15.05,1.55959,1.56457,-0.00497421
15.0667,1.5269,1.57841,-0.0515105
15.0833,1.55598,1.59208,-0.0360974
15.1,1.66364,1.60557,0.0580766
15.1167,1.56298,1.61886,-0.0558744
15.1333,1.5636,1.63195,-0.068349
15.15,1.72797,1.64482,0.0831473
15.1667,1.5724,1.65748,-0.0850817
15.1833,1.66467,1.6699,-0.00522784
15.2,1.64449,1.68208,-0.0375846
15.2167,1.79064,1.69401,0.0966353
15.2333,1.66492,1.70568,-0.0407607
15.25,1.705,1.71708,-0.0120771
15.2667,1.66523,1.7282,-0.0629672
15.2833,1.75199,1.73903,0.0129575
15.3,1.78775,1.74957,0.0381785
15.3167,1.66403,1.75981,-0.0957862
15.3333,1.74401,1.76974,-0.0257361
15.35,1.80719,1.77936,0.027837
15.3667,1.74537,1.78864,-0.0432776
15.3833,1.84775,1.7976,0.0501479
15.4,1.72209,1.80622,-0.0841261
15.4167,1.90171,1.81449,0.0872159
15.4333,1.85214,1.82241,0.029727
15.45,1.7148,1.82998,-0.115181
15.4667,1.84314,1.83718,0.00596273
15.4833,1.83296,1.84401,-0.0110559
15.5,1.86509,1.85047,0.0146135
15.5167,1.77454,1.85655,-0.0820194
15.5333,1.86779,1.86225,0.00553713
15.55,1.91096,1.86756,0.0433987
15.5667,1.87848,1.87248,0.00599187
15.5833,1.82166,1.87701,-0.055353
15.6,1.88564,1.88114,0.00450735
15.6167,1.94245,1.88486,0.0575881
15.6333,1.91769,1.88818,0.0295054
15.65,1.84766,1.89109,-0.0434318
15.6667,1.85294,1.8936,-0.0406577
15.6833,1.85503,1.89569,-0.0406627
15.7,1.96341,1.89737,0.0660318
15.7167,1.78127,1.89864,-0.117368
15.7333,1.98772,1.89949,0.0882311
15.75,1.89779,1.89993,-0.00214209
15.7667,1.89036,1.89995,-0.00958757
15.7833,1.94096,1.89956,0.0414043
15.8,1.87277,1.89875,-0.025978
15.8167,1.77983,1.89752,-0.117693
15.8333,1.93254,1.89588,0.0366566
15.85,1.89232,1.89383,-0.00150717
15.8667,1.91593,1.89137,0.0245591
15.8833,1.92924,1.8885,0.0407494
15.9,1.89827,1.88522,0.0130581
15.9167,1.79027,1.88153,-0.0912615
15.9333,1.95778,1.87745,0.0803372
15.95,1.8131,1.87296,-0.0598602
15.9667,1.83656,1.86808,-0.0315198
15.9833,1.85595,1.86281,-0.00686469
16,1.87672,1.85715,0.0195657
16.0167,1.88391,1.85111,0.032804
16.0333,1.8738,1.84469,0.029112
16.05,1.77239,1.83789,-0.0655013
16.0667,1.84846,1.83073,0.0177378
16.0833,1.89418,1.8232,0.070985
16.1,1.80558,1.81531,-0.00973513
16.1167,1.8118,1.80707,0.00472515
16.1333,1.73525,1.79849,-0.0632384
16.15,1.81169,1.78957,0.022116
16.1667,1.74306,1.78031,-0.0372511
16.1833,1.84284,1.77074,0.072107
16.2,1.73573,1.76084,-0.0251117
16.2167,1.70633,1.75063,-0.0443002
16.2333,1.86672,1.74012,0.1266
16.25,1.71095,1.72931,-0.0183618
16.2667,1.77318,1.71822,0.0549587
16.2833,1.60097,1.70685,-0.105875
16.3,1.77587,1.6952,0.0806609
16.3167,1.63303,1.6833,-0.0502733
16.3333,1.65738,1.67115,-0.0137717
16.35,1.60752,1.65875,-0.0512279
16.3667,1.74834,1.64612,0.102222
16.3833,1.65397,1.63327,0.0207058
16.4,1.59521,1.6202,-0.024991
16.4167,1.69882,1.60692,0.0918938
16.4333,1.52442,1.59346,-0.0690328
16.45,1.50963,1.57981,-0.0701732
16.4667,1.6775,1.56598,0.111515
16.4833,1.52913,1.55199,-0.0228622
16.5,1.56491,1.53785,0.0270557
16.5167,1.47908,1.52357,-0.044485
16.5333,1.55364,1.50916,0.0444874
16.55,1.47205,1.49462,-0.0225674
16.5667,1.59406,1.47998,0.114085
16.5833,1.38136,1.46524,-0.0838761
16.6,1.52685,1.45041,0.0764432
16.6167,1.40278,1.4355,-0.0327201
16.6333,1.38501,1.42053,-0.0355246
16.65,1.55625,1.40551,0.150738
16.6667,1.31151,1.39044,-0.0789293
16.6833,1.41498,1.37535,0.0396351
16.7,1.35076,1.36023,-0.00947313
16.7167,1.41337,1.34511,0.0682555
16.7333,1.33618,1.32999,0.00619088
16.75,1.24213,1.31489,-0.0727546
16.7667,1.31747,1.29981,0.017653
16.7833,1.26597,1.28477,-0.0188065
16.8,1.37587,1.26978,0.106089
16.8167,1.25542,1.25485,0.000569178
16.8333,1.18938,1.24,-0.0506134
16.85,1.21396,1.22522,-0.0112634
16.8667,1.30839,1.21054,0.0978441
16.8833,1.24259,1.19597,0.0466145
16.9,1.09905,1.18151,-0.0824655
16.9167,1.24814,1.16718,0.0809525
16.9333,1.14672,1.15299,-0.00627179
16.95,1.06177,1.13895,-0.0771798
16.9667,1.14416,1.12507,0.0190938
16.9833,1.15716,1.11135,0.0458031
17,1.15666,1.09782,0.0588424
17.0167,1.09871,1.08448,0.0142344
17.0333,1.03862,1.07134,-0.0327201
17.05,1.14698,1.05841,0.0885717
17.0667,1.02036,1.0457,-0.0253328
17.0833,1.0247,1.03322,-0.00851119
17.1,0.986331,1.02097,-0.0346442
17.1167,1.05528,1.00898,0.0462981
17.1333,0.922172,0.997249,-0.0750772
17.15,1.04256,0.985782,0.0567818
17.1667,1.09368,0.97459,0.119086
17.1833,0.919125,0.963683,-0.0445575
17.2,0.913088,0.953067,-0.0399786
17.2167,0.92607,0.942751,-0.0166811
17.2333,0.978928,0.932744,0.046184
17.25,0.897689,0.923051,-0.0253626
17.2667,0.994606,0.913682,0.0809239
17.2833,0.816336,0.904643,-0.088307
17.3,0.944138,0.89594,0.0481976
17.3167,0.887078,0.887581,-0.000502603
17.3333,0.908718,0.879571,0.0291472
17.35,0.904427,0.871917,0.0325097
17.3667,0.848361,0.864624,-0.0162631
17.3833,0.895897,0.857699,0.0381983
17.4,0.881492,0.851146,0.0303463
17.4167,0.805814,0.844969,-0.0391552
17.4333,0.839485,0.839175,0.000309706
17.45,0.771074,0.833767,-0.0626929
17.4667,0.88342,0.82875,0.0546699
17.4833,0.852252,0.824126,0.0281262
17.5,0.856508,0.8199,0.0366079
17.5167,0.783795,0.816075,-0.0322799
17.5333,0.77135,0.812654,-0.041304
17.55,0.774851,0.809639,-0.0347877
17.5667,0.878996,0.807032,0.0719636
17.5833,0.88397,0.804836,0.0791342
17.6,0.772651,0.803052,-0.0304008
17.6167,0.786792,0.801682,-0.01489
17.6333,0.774118,0.800726,-0.0266087
17.65,0.748415,0.800186,-0.0517711
17.6667,0.888044,0.800062,0.0879821
17.6833,0.793083,0.800353,-0.00727005
17.7,0.767806,0.80106,-0.033254
17.7167,0.874726,0.802181,0.0725441
17.7333,0.795422,0.803718,-0.00829598
17.75,0.785984,0.805667,-0.0196829
17.7667,0.767745,0.808027,-0.0402827
17.7833,0.81174,0.810798,0.000942178
17.8,0.789592,0.813976,-0.0243839
17.8167,0.872025,0.81756,0.0544658
17.8333,0.783935,0.821546,-0.0376112
17.85,0.905299,0.825931,0.0793677
17.8667,0.800954,0.830713,-0.0297593
17.8833,0.820599,0.835888,-0.0152894
17.9,0.866123,0.841451,0.0246715
17.9167,0.831909,0.847399,-0.0154905
17.9333,0.902991,0.853727,0.0492637
17.95,0.731785,0.86043,-0.128645
17.9667,0.923672,0.867503,0.056169
17.9833,0.918286,0.874941,0.043345
18,0.857983,0.882739,-0.0247555
18.0167,0.941282,0.890889,0.0503926
18.0333,0.828785,0.899387,-0.0706023
18.05,0.910084,0.908225,0.00185878
18.0667,0.874838,0.917398,-0.0425597
18.0833,1.04155,0.926898,0.114652
18.1,0.834113,0.936717,-0.102604
18.1167,0.965239,0.946849,0.0183904
18.1333,0.878817,0.957286,-0.078469
18.15,1.00848,0.96802,0.040457
18.1667,0.970066,0.979042,-0.00897666
18.1833,1.0419,0.990345,0.0515498
18.2,0.920852,1.00192,-0.081068
18.2167,1.11201,1.01376,0.0982548
18.2333,1.00028,1.02585,-0.0255668
18.25,0.975361,1.03819,-0.0628275
18.2667,1.11772,1.05076,0.066961
18.2833,1.14579,1.06356,0.0822244
18.3,0.936972,1.07658,-0.139606
18.3167,1.06622,1.0898,-0.0235789
18.3333,1.08936,1.10322,-0.0138592
18.35,1.12785,1.11683,0.0110184
18.3667,1.21952,1.13061,0.0889112
18.3833,1.10206,1.14456,-0.0425008
18.4,1.09389,1.15866,-0.0647729
18.4167,1.23252,1.17291,0.0596059
18.4333,1.1998,1.18729,0.0125111
18.45,1.08858,1.2018,-0.113214
18.4667,1.23015,1.21642,0.0137324
18.4833,1.26684,1.23113,0.0357006
18.5,1.2335,1.24594,-0.012445
18.5167,1.21977,1.26083,-0.0410553
18.5333,1.26282,1.27578,-0.0129631
18.55,1.41617,1.2908,0.125378
18.5667,1.20112,1.30585,-0.104729
18.5833,1.31519,1.32094,-0.00574725
18.6,1.39542,1.33605,0.0593721
18.6167,1.25401,1.35117,-0.0971644
18.6333,1.39289,1.36629,0.026598
18.65,1.42377,1.3814,0.0423727
18.6667,1.33061,1.39649,-0.0658775
18.6833,1.41958,1.41154,0.00804368
18.7,1.49382,1.42654,0.0672843
18.7167,1.33379,1.44148,-0.107696
18.7333,1.51936,1.45636,0.0630015
18.75,1.4681,1.47115,-0.00305823
18.7667,1.41788,1.48586,-0.0679749
18.7833,1.52135,1.50046,0.0208927
18.8,1.57362,1.51495,0.0586761
18.8167,1.45302,1.52931,-0.0762895
18.8333,1.60568,1.54354,0.0621438
18.85,1.48449,1.55762,-0.0731265
18.8667,1.56743,1.57154,-0.00411655
18.8833,1.5799,1.5853,-0.00540256
18.9,1.63669,1.59888,0.0378101
18.9167,1.65206,1.61227,0.0397905
18.9333,1.54863,1.62546,-0.0768348
18.95,1.6479,1.63844,0.00945165
18.9667,1.63177,1.65121,-0.0194432
18.9833,1.62456,1.66375,-0.0391876
19,1.65037,1.67605,-0.0256821
19.0167,1.74969,1.6881,0.0615839
19.0333,1.61657,1.6999,-0.0833347
19.05,1.70221,1.71144,-0.00922425
19.0667,1.82298,1.7227,0.100282
19.0833,1.66517,1.73368,-0.068504
19.1,1.77037,1.74437,0.0259995
19.1167,1.7224,1.75476,-0.0323566
19.1333,1.7045,1.76484,-0.0603445
19.15,1.8256,1.77461,0.0509841
19.1667,1.85525,1.78406,0.0711883
19.1833,1.75611,1.79319,-0.0370755
19.2,1.74247,1.80197,-0.0595025
19.2167,1.7501,1.81042,-0.0603161
19.2333,1.8936,1.81852,0.0750883
19.25,1.83661,1.82626,0.0103465
19.2667,1.81307,1.83364,-0.0205684
19.2833,1.80917,1.84066,-0.031491
19.3,1.83968,1.84731,-0.0076246
19.3167,1.75632,1.85358,-0.0972581
19.3333,1.93761,1.85947,0.078141
19.35,1.92291,1.86497,0.057938
19.3667,1.7784,1.87009,-0.0916874
19.3833,1.93037,1.87481,0.055561
19.4,1.88026,1.87913,0.00112502
19.4167,1.80003,1.88306,-0.0830232
19.4333,1.88054,1.88658,-0.00603609
19.45,1.92598,1.8897,0.0362805
19.4667,1.89334,1.8924,0.000935038
19.4833,1.95303,1.8947,0.058332
19.5,1.77213,1.89659,-0.124457
19.5167,1.96655,1.89806,0.0684906
19.5333,1.79579,1.89912,-0.103328
19.55,1.92558,1.89976,0.0258182
19.5667,1.88681,1.89999,-0.0131839
19.5833,1.91066,1.8998,0.0108577
19.6,1.85399,1.8992,-0.0452086
19.6167,1.92936,1.89818,0.0311766
19.6333,1.94995,1.89675,0.0532019
19.65,1.78056,1.8949,-0.114346
19.6667,2.05041,1.89264,0.157765
19.6833,1.81129,1.88998,-0.078691
19.7,1.85506,1.8869,-0.0318403
19.7167,1.88335,1.88342,-6.19048e-05
19.7333,1.88416,1.87953,0.00462538
19.75,1.87613,1.87524,0.00088676
19.7667,1.85994,1.87056,-0.010623
19.7833,1.83224,1.86548,-0.0332404
19.8,1.79682,1.86002,-0.063193
19.8167,1.94066,1.85416,0.0864975
19.8333,1.8873,1.84793,0.0393732
19.85,1.83306,1.84132,-0.00826164
19.8667,1.73531,1.83434,-0.0990268
19.8833,1.85813,1.82699,0.0311447
19.9,1.85004,1.81928,0.0307564
19.9167,1.83732,1.81122,0.0261024
19.9333,1.79629,1.80281,-0.00651268
19.95,1.78677,1.79405,-0.0072856
19.9667,1.82081,1.78496,0.0358506
19.9833,1.77123,1.77554,-0.00431209
20,1.73066,1.7658,-0.0351408
20.0167,1.70673,1.75575,-0.0490183
20.0333,1.79167,1.74539,0.0462872
20.05,1.74923,1.73472,0.0145045
20.0667,1.71857,1.72377,-0.00519983
20.0833,1.72005,1.71254,0.00750768
20.1,1.75756,1.70103,0.0565239
20.1167,1.65183,1.68926,-0.0374317
20.1333,1.6357,1.67723,-0.0415235
20.15,1.68693,1.66495,0.0219806
20.1667,1.63499,1.65243,-0.0174457
20.1833,1.70204,1.63969,0.0623466
20.2,1.6191,1.62673,-0.00763125
20.2167,1.53334,1.61355,-0.080218
20.2333,1.63186,1.60018,0.031673
20.25,1.6323,1.58662,0.0456773
20.2667,1.45782,1.57288,-0.115062
20.2833,1.64933,1.55897,0.0903521
20.3,1.46296,1.54491,-0.0819525
20.3167,1.6751,1.53069,0.144406
20.3333,1.49729,1.51634,-0.0190565
20.35,1.50065,1.50187,-0.00121893
20.3667,1.4966,1.48728,0.00932343
20.3833,1.39312,1.47258,-0.0794653
20.4,1.54768,1.4578,0.0898886
20.4167,1.36096,1.44293,-0.0819674
20.4333,1.44927,1.42799,0.021277
20.45,1.4399,1.41299,0.0269049
20.4667,1.33249,1.39795,-0.0654524
20.4833,1.44118,1.38286,0.0583195
20.5,1.47567,1.36776,0.107916
20.5167,1.26882,1.35264,-0.0838164
20.5333,1.33454,1.33752,-0.00297684
20.55,1.2866,1.3224,-0.0358009
20.5667,1.34773,1.30731,0.0404164
20.5833,1.34628,1.29225,0.0540309
20.6,1.22367,1.27724,-0.0535627
20.6167,1.27227,1.26228,0.00999232
20.6333,1.2183,1.24738,-0.0290867
20.65,1.27815,1.23257,0.0455825
20.6667,1.22413,1.21784,0.00629417
20.6833,1.28403,1.20321,0.0808175
20.7,1.13731,1.18869,-0.0513789
20.7167,1.18795,1.1743,0.0136561
20.7333,1.22037,1.16004,0.0603334
20.75,1.12962,1.14592,-0.0162999
20.7667,1.08052,1.13195,-0.051431
20.7833,1.15263,1.11815,0.0344802
20.8,1.17494,1.10453,0.0704057
20.8167,1.07012,1.09109,-0.0209696
20.8333,1.0662,1.07785,-0.0116468
20.85,1.127,1.06481,0.0621866
20.8667,0.946755,1.05199,-0.105237
20.8833,1.10777,1.0394,0.0683773
20.9,1.03449,1.02704,0.00745299
20.9167,0.972347,1.01492,-0.0425718
20.9333,1.05326,1.00306,0.0502012
20.95,0.980244,0.991455,-0.0112112
20.9667,0.970688,0.980125,-0.00943721
20.9833,1.07924,0.969075,0.11016
21,0.877676,0.958313,-0.0806368
21.0167,0.9692,0.947847,0.0213533
21.0333,0.891924,0.937685,-0.0457611
21.05,0.906887,0.927835,-0.0209479
21.0667,0.933738,0.918304,0.0154337
21.0833,0.946941,0.9091,0.0378418
21.1,1.00535,0.900228,0.105121
21.1167,0.816264,0.891697,-0.0754332
21.1333,0.92999,0.883513,0.0464769
21.15,0.825148,0.875681,-0.0505335
21.1667,0.89344,0.868208,0.0252323
21.1833,0.816736,0.861099,-0.0443629
21.2,0.903139,0.85436,0.0487791
21.2167,0.893283,0.847996,0.0452873
21.2333,0.770545,0.842011,-0.0714657
21.25,0.933752,0.83641,0.0973421
21.2667,0.72057,0.831198,-0.110627
21.2833,0.971875,0.826377,0.145498
21.3,0.674486,0.821953,-0.147467
21.3167,0.846934,0.817928,0.029006
21.3333,0.932093,0.814306,0.117787
21.35,0.775352,0.811088,-0.0357365
21.3667,0.836163,0.808278,0.0278846
21.3833,0.702181,0.805877,-0.103697
21.4,0.854523,0.803888,0.0506348
21.4167,0.859923,0.802312,0.0576112
21.4333,0.695922,0.80115,-0.105228
21.45,0.876961,0.800403,0.0765577
21.4667,0.691245,0.800072,-0.108827
21.4833,0.84486,0.800156,0.0447042
21.5,0.866525,0.800656,0.0658693
21.5167,0.828345,0.801571,0.0267735
21.5333,0.691795,0.802901,-0.111106
21.55,0.870495,0.804645,0.0658497
21.5667,0.822008,0.806801,0.0152064
21.5833,0.826886,0.809368,0.0175176
21.6,0.849509,0.812344,0.0371655
21.6167,0.768213,0.815726,-0.0475126
21.6333,0.833645,0.819512,0.0141329
21.65,0.735798,0.823699,-0.0879013
21.6667,0.892904,0.828284,0.0646194
21.6833,0.874422,0.833264,0.0411576
21.7,0.821307,0.838634,-0.0173277
21.7167,0.784879,0.844391,-0.0595127
21.7333,0.816765,0.850531,-0.0337659
21.75,0.822265,0.857048,-0.0347825
21.7667,1.01976,0.863937,0.155824
21.7833,0.767641,0.871195,-0.103553
21.8,0.836978,0.878814,-0.0418359
21.8167,0.970938,0.886789,0.0841489
21.8333,0.751541,0.895115,-0.143574
21.85,1.05813,0.903785,0.154343
21.8667,0.890572,0.912792,-0.0222198
21.8833,0.850418,0.92213,-0.071712
21.9,0.975866,0.931791,0.0440755
21.9167,0.964701,0.941768,0.0229329
21.9333,0.976431,0.952054,0.024377
21.95,0.947728,0.962641,-0.0149132
21.9667,0.973957,0.973521,0.000435342
21.9833,0.967612,0.984686,-0.0170735
22,0.971053,0.996127,-0.0250739
22.0167,1.0111,1.00783,0.00326487
22.0333,0.965052,1.0198,-0.0547504
22.05,1.10386,1.03202,0.0718426
22.0667,1.01089,1.04448,-0.0335836
22.0833,0.981352,1.05716,-0.0758119
22.1,1.14449,1.07007,0.074414
22.1167,1.01682,1.0832,-0.0663733
22.1333,1.14007,1.09652,0.0435494
22.15,1.04605,1.11003,-0.0639785
22.1667,1.16465,1.12373,0.0409219
22.1833,1.1438,1.1376,0.0062049
22.2,1.11635,1.15162,-0.0352745
22.2167,1.16584,1.1658,3.6164e-05
22.2333,1.22357,1.18012,0.0434544
22.25,1.2394,1.19456,0.0448303
22.2667,1.22168,1.20913,0.0125502
22.2833,1.08687,1.2238,-0.136931
22.3,1.29624,1.23856,0.0576736
22.3167,1.26921,1.25341,0.0158019
22.3333,1.27839,1.26833,0.0100597
22.35,1.20857,1.28332,-0.0747442
22.3667,1.2925,1.29835,-0.00585431
22.3833,1.35407,1.31343,0.0406412
22.4,1.37725,1.32853,0.0487212
22.4167,1.24639,1.34365,-0.097256
22.4333,1.37324,1.35877,0.0144757
22.45,1.343,1.37388,-0.0308847
22.4667,1.47175,1.38898,0.0827635
22.4833,1.35398,1.40405,-0.0500717
22.5,1.3683,1.41908,-0.0507762
22.5167,1.55023,1.43405,0.116177
22.5333,1.46257,1.44897,0.0136039
22.55,1.44352,1.4638,-0.0202803
22.5667,1.37622,1.47855,-0.102333
22.5833,1.53088,1.49321,0.0376728
22.6,1.55522,1.50775,0.047471
22.6167,1.49277,1.52218,-0.0294114
22.6333,1.46336,1.53647,-0.0731187
22.65,1.60191,1.55063,0.0512784
22.6667,1.58677,1.56463,0.0221401
22.6833,1.56413,1.57847,-0.0143442
22.7,1.576,1.59214,-0.0161412
22.7167,1.65287,1.60563,0.047242
22.7333,1.51683,1.61892,-0.102086
22.75,1.5969,1.63201,-0.0351059
22.7667,1.80152,1.64488,0.156639
22.7833,1.57799,1.65754,-0.0795455
22.8,1.72838,1.66996,0.0584222
22.8167,1.56277,1.68214,-0.119365
22.8333,1.70061,1.69406,0.00654436
22.85,1.71446,1.70573,0.00873006
22.8667,1.76718,1.71713,0.0500508
22.8833,1.67952,1.72825,-0.0487243
22.9,1.83747,1.73908,0.0983884
22.9167,1.60192,1.74962,-0.147699
22.9333,1.77281,1.75986,0.0129475
22.95,1.78137,1.76979,0.0115838
22.9667,1.77937,1.7794,-2.85976e-05
22.9833,1.79663,1.78869,0.00793846
23,1.76725,1.79764,-0.030395
23.0167,1.92304,1.80626,0.116786
23.0333,1.76671,1.81453,-0.0478208
23.05,1.80758,1.82245,-0.0148703
23.0667,1.82296,1.83001,-0.00705205
23.0833,1.87287,1.83721,0.0356558
23.1,1.89916,1.84404,0.0551188
23.1167,1.8058,1.8505,-0.0446981
23.1333,1.84155,1.85658,-0.0150276
23.15,1.87621,1.86228,0.0139316
23.1667,1.83609,1.86759,-0.0315018
23.1833,1.87244,1.87251,-6.16875e-05
23.2,1.8621,1.87703,-0.0149309
23.2167,1.88473,1.88115,0.00358055
23.2333,1.8958,1.88488,0.0109261
23.25,1.80373,1.8882,-0.0844638
23.2667,1.91896,1.89111,0.0278486
23.2833,1.89642,1.89361,0.00281187
23.3,1.96758,1.8957,0.0718739
23.3167,1.85704,1.89738,-0.0403443
23.3333,1.86431,1.89865,-0.0343354
23.35,1.90897,1.8995,0.0094748
23.3667,1.94692,1.89993,0.0469878
23.3833,1.95336,1.89995,0.053413
23.4,1.90054,1.89955,0.00098803
23.4167,1.8764,1.89874,-0.0223433
23.4333,1.89409,1.89751,-0.00342447
23.45,1.93476,1.89587,0.0388823
23.4667,1.89601,1.89382,0.002187
23.4833,1.89707,1.89136,0.00571038
23.5,1.73996,1.88848,-0.148525
23.5167,1.96529,1.8852,0.0800939
23.5333,1.90143,1.88151,0.0199146
23.55,1.9083,1.87743,0.0308759
23.5667,1.80563,1.87294,-0.0673054
23.5833,1.87187,1.86806,0.00380906
23.6,1.93659,1.86278,0.0738061
23.6167,1.79242,1.85712,-0.0647068
23.6333,1.82505,1.85108,-0.0260323
23.65,1.93085,1.84466,0.0861918
23.6667,1.84031,1.83786,0.00245215
23.6833,1.76329,1.83069,-0.0674003
23.7,1.83824,1.82316,0.0150739
23.7167,1.84444,1.81527,0.0291697
23.7333,1.78033,1.80704,-0.0267066
23.75,1.77916,1.79845,-0.0192877
23.7667,1.78218,1.78953,-0.00734559
23.7833,1.79991,1.78027,0.0196417
23.8,1.77577,1.77069,0.00507603
23.8167,1.75596,1.76079,-0.00482996
23.8333,1.76585,1.75058,0.015272
23.85,1.76878,1.74007,0.0287175
23.8667,1.78137,1.72926,0.0521066
23.8833,1.62913,1.71816,-0.0890339
23.9,1.79204,1.70679,0.0852456
23.9167,1.65346,1.69515,-0.0416855
23.9333,1.65825,1.68325,-0.0249969
23.95,1.65768,1.67109,-0.0134065
23.9667,1.68793,1.65869,0.0292399
23.9833,1.65168,1.64606,0.00561525
